/*Data for the table `send_remind_mail_pattern` */

insert  into `send_remind_mail_pattern`(`send_remind_mail_pattern_id`,`send_remind_mail_timing_type`,`timing_minutes`,`mail_subject`,`mail_body`) values 
(99,21,0,'【アルクオンライン英会話】　法人会員登録完了','#STUDENT_NAME# 様\r\rこの度は、「アルクオンライン英会話」へご登録いただき誠にありがとうございます。\rアルクオンライン英会話事務局です。\r\rご登録が完了いたしました。\r設定されたパスワードはお忘れないようお控えください。\r\r法人会員様用のアルクオンライン英会話のマイページへのログインサイト:\rhttps://eikaiwa.alc.co.jp/user/enterprise_student_login\r\r●ユーザーマニュアル http://s.alc.jp/user-manual-corp\r→クリックいただくと、ユーザーマニュアルが開きます。\rご予約、ご変更、ご受講にあたって、ご一読ください。\r\r★法人様により、コースの修了条件が設定されている場合には、\rマイページの「修了状況・修了証」メニューより条件・修了証発行等ご確認ください。\rまた、通信講座とのセット商品コースの修了条件は、通信講座の課題全提出とオンライン英会話レッスン\rの80％以上の出席となります。（法人様により、別途修了条件が異なる場合がございますので念のため、ご確認ください。）\r\r何かご不明な点やご質問などございましたら、お気軽にお問い合わせください。\r講師一同、#STUDENT_NAME# 様のレッスン受講を心よりお待ちしております。\r\rこのメールは、配信専用のアドレスで配信されています。\rこのメールに返信されても、返信内容の確認およびご返答ができません。\r\rこのメールの内容についてのお問い合わせは、\r下記の連絡先までお問い合わせくださいますようお願い申し上げます。\r………………………………………………………………………………………………………\r株式会社アルク\rアルクオンライン英会話事務局（https://eikaiwa.alc.co.jp）\r\rお問い合わせフォーム：https://eikaiwa.alc.co.jp/user/contact\r\r○アルクオンライン英会話サポートセンター\r0570-200-465（ナビダイヤル）\r[受付時間：20時～24時（年中無休）]\r………………………………………………………………………………………………………\r\r\r\r\r'),
(100,22,0,'【アルクオンライン英会話】ご注文内容ご確認','#STUDENT_NAME#様\r\rアルクオンライン英会話事務局です。\rこの度は、「アルクオンライン英会話」のご購入ありがとうございました。\r\r下記の通り、ご注文を承りましたのでご確認ください。\r……………………………………………………………………………………………………\r受注番号：#POINT_SUBSCRIPTION_HISTORY_ID#\r商品ID：#COURSE_ID#\r商品名：#COURSE_NAME#\r決済方法: 法人経由決済\r受講開始日：#START_DATE#　 \r受講有効期限：#EXPIRE_DATE#\rお届け予定日: 受講開始日の前月末頃\r↑通信講座教材のセット商品をお申込みの場合\r商品お届け先：#STUDENT_ADDRESS#\r↑オンライン英会話と通信講座教材のセット商品をお申込みの場合のお届け先\r※ご住所が不確定の場合はお届けができない場合がございますので、事務局までご連絡をお願いいたします。\r\r●ユーザーマニュアル http://s.alc.jp/user-manual-corp\r→クリックいただくと、ユーザーマニュアルが開きます。\rご予約、ご変更、ご受講にあたって、ご一読ください。\r\r★法人様により、コースの修了条件が設定されている場合には、\rマイページの「修了状況・修了証」メニューより条件・修了証発行等ご確認ください。\rまた、通信講座とのセット商品コースの修了条件は、通常通信講座の課題全提出とオンライン英会話レッスン\rの80％以上の出席となります。（法人様により、別途修了条件が異なる場合がございますので念のため、貴社ご担当者様へご確認ください。）\r\r☆ご受講されるコース別におすすめ活用法をご紹介いたします。\r下記URLをご参照いただき、レッスンを効果的にご受講ください。\rhttp://bit.ly/2bUHHX6\r……………………………………………………………………………………………………\r【お問い合わせ先】\r株式会社アルク　\rアルクお客様センター\r〒102-0073\r東京都千代田区九段北4-2-6　市ヶ谷ビル8F\r電話：03-3556-5501（月〜金9:00〜17:00／土日祝休み）\rメールアドレス：eikaiwa-info@alc.co.jp\r\rアルクオンライン英会話（https://eikaiwa.alc.co.jp）\r ……………………………………………………………………………………………………\rご不明な点やご要望などがございましたら、上記のお問い合わせ先まで、\rお気軽にお申し付け下さい。\r何卒宜しくお願いいたします。\r\r※このメールは、送信専用メールアドレスから配信されています。\rご返信いただいてもお答えできませんので、ご了承ください。'),
(101,20,0,'【アルクオンライン英会話 - 法人会員様専用】　パスワードを変更します','#ADMIN_NAME# 様。\r\r\r\r\r\r日頃よりアルクオンライン英会話をご利用いただきありがとうございます。\r\r\r\rアルクオンライン英会話事務局です。\r\r\r\r\r\rパスワードの変更を24時間以内に下記のURLより行ってください。\r\r\r\r\r\r#CHANGEPASS_URL#\r\r\r\r\r\r変更されましたパスワードは、お忘れないようお控ください。\r\r\r\rよろしくお願いいたします。\r\rこのメールは、配信専用のアドレスで配信されています。\rこのメールに返信されても、返信内容の確認およびご返答ができません。\rあらかじめご了承ください。\r…………………………………………………………………………………\r【アルクオンライン英会話 お問い合わせ先】\rアルクオンライン英会話事務局（https://eikaiwa.alc.co.jp）\r○お問い合わせフォーム\rhttp://eikaiwa.alc.co.jp/user/contact\r○お電話：アルクオンライン英会話サポートセンター\r0570-200-465（ナビダイヤル）\r[受付時間：20時～24時（年中無休）]\r…………………………………………………………………………………\r'),
(102,23,0,'【アルクオンライン英会話】ご注文内容ご確認','#STUDENT_NAME#様\r\rアルクオンライン英会話事務局です。\rこの度は、「アルクオンライン英会話」のご購入ありがとうございました。\r\r下記の通り、ご注文を承りましたのでご確認ください。\r……………………………………………………………………………………………………\r受注番号：#POINT_SUBSCRIPTION_HISTORY_ID#\r商品ID：#COURSE_ID#\r商品名：#COURSE_NAME#\r商品料金：#COURSE_PRICE#円\r消費税：#COURSE_TAX#円\rお支払い金額：#COURSE_TOTAL#円\r決済方法:クレジットカード\r決済日時：#ORDER_DATE#\r受講開始日：#START_DATE#　 \r受講有効期限：#EXPIRE_DATE#\r↑クレジットカード会社発行の利用明細が公的な領収書となります。\r\r申込氏名：#STUDENT_NAME#\r商品お届け先：#STUDENT_ADDRESS#\r↑オンライン英会話と通信講座教材のセット商品をお申込みの場合のお届け先\r※ご住所が不確定の場合はお届けができない場合がございますので、事務局までご連絡をお願いいたします。\r\rお届け予定日: 受講開始日の前月末頃\r※「オンライン英会話ヒアリングマラソンセット」のお届けは、開講月の10日頃のお届けとなります。\r↑オンライン英会話と通信講座教材のセット商品をお申込みの場合\r\r●ユーザーマニュアル http://s.alc.jp/user-manual-corp\r→クリックいただくと、ユーザーマニュアルが開きます。\rご予約、ご変更、ご受講にあたって、ご一読ください。\r\r★法人様により、コースの修了条件が設定されている場合には、\rマイページの「修了状況・修了証」メニューより条件・修了証発行等ご確認ください。\rまた、通信講座とのセット商品コースの修了条件は、通常通信講座の課題全提出とオンライン英会話レッスン\rの80％以上の出席となります。（法人様により、別途修了条件が異なる場合がございますので念のため、貴社ご担当者様へご確認ください。）\r\r☆ご受講されるコース別におすすめ活用法をご紹介いたします。\r下記URLをご参照いただき、レッスンを効果的にご受講ください。\rhttp://bit.ly/2bUHHX6\r……………………………………………………………………………………………………\r【お問い合わせ先】\r株式会社アルク　\rアルクお客様センター\r〒102-0073\r東京都千代田区九段北4-2-6　市ヶ谷ビル8F\r電話：03-3556-5501（月〜金9:00〜17:00／土日祝休み）\rメールアドレス：eikaiwa-info@alc.co.jp\r\r★★★弊社発行の領収書については、マイページのよくあるお問い合わせQ40をご確認の上、必要事項をご連絡ください。★★★\rアルクオンライン英会話（https://eikaiwa.alc.co.jp）\r ……………………………………………………………………………………………………\rご不明な点やご要望などがございましたら、上記のお問い合わせ先まで、\rお気軽にお申し付け下さい。\r何卒宜しくお願いいたします。\r\r※このメールは、送信専用メールアドレスから配信されています。\rご返信いただいてもお答えできませんので、ご了承ください。\r'),
(103,24,0,'【アルクオンライン英会話】ご注文内容ご確認','#STUDENT_NAME#様\r\rアルクオンライン英会話事務局です。\rこの度は、「アルクオンライン英会話」のご注文ありがとうございました。\r\r下記の通り、ご注文を承りましたのでご確認ください。\r……………………………………………………………………………………………………\r受注番号：#POINT_SUBSCRIPTION_HISTORY_ID#\r商品ID：#COURSE_ID#\r商品名：#COURSE_NAME#\r商品料金：#COURSE_PRICE#　円\r消費税：#COURSE_TAX#　円\rお支払い金額：#COURSE_TOTAL#　円\r決済方法:コンビニ決済\r↑コンビニ決済の際に必要な情報は、「アルクオンライン英会話」ログインページ内「購入・使用履歴」よりご確認いただけます。\rコンビニ種類：#CVS_TYPE#\r決済番号：#CVS_NUMBER#\r確認番号：#CVS_CONFIRM_NUMBER#\r申込日時：#ORDER_DATE#\r支払期限日：#PAY_LIMIT_DATE#\r↑上記期限を過ぎるとお支払いができなくなりますので、ご注意ください。\rまたお支払い後に、「取扱明細兼受領書」（領収証）が発行されます。大切に保管をしてください。\r\r受講開始日：#START_DATE#　\r※「オンライン英会話ヒアリングマラソンセット」をお申込みの場合に限り、開始月の10日頃の通信講座教材の到着となります為、、\r教材が届きましたらオンライン英会話のご受講を開始してください。 \r受講有効期限：#EXPIRE_DATE#\r\r申込氏名：#STUDENT_NAME#\r申込電話番号：#STUDENT_TELNUMBER#\r商品お届け先：#STUDENT_ADDRESS#\r↑通信講座教材のセット商品のお届け先\r※ご住所が不確定の場合はお届けができない場合がございますので、事務局までご連絡をお願いいたします。\r\rお届け予定日: 受講開始日の前月末頃\r※「オンライン英会話ヒアリングマラソンセット」のお届けは、開講月の10日頃のお届けとなります。\r↑通信講座教材のセット商品をお申込みの場合\r\r\r●ユーザーマニュアル http://s.alc.jp/user-manual-corp\r→クリックいただくと、ユーザーマニュアルが開きます。\rご予約、ご変更、ご受講にあたって、ご一読ください。\r\r★法人様により、コースの修了条件が設定されている場合には、\rマイページの「修了状況・修了証」メニューより条件・修了証発行等ご確認ください。\rまた、通信講座とのセット商品コースの修了条件は、通常通信講座の課題全提出とオンライン英会話レッスン\rの80％以上の出席となります。（法人様により、別途修了条件が異なる場合がございますので念のため、貴社ご担当者様へご確認ください。）\r\r☆ご受講されるコース別におすすめ活用法をご紹介いたします。\r下記URLをご参照いただき、レッスンを効果的にご受講ください。\rhttp://bit.ly/2bUHHX6\r……………………………………………………………………………………………………\r【お問い合わせ先】\r株式会社アルク　\rアルクお客様センター\r〒102-0073\r東京都千代田区九段北4-2-6　市ヶ谷ビル8F\r電話：03-3556-5501（月〜金9:00〜17:00／土日祝休み）\rメールアドレス：eikaiwa-info@alc.co.jp\r\r★★★弊社発行の領収書については、マイページのよくあるお問い合わせQ40をご確認の上、必要事項をご連絡ください。★★★\rアルクオンライン英会話（https://eikaiwa.alc.co.jp）\r ……………………………………………………………………………………………………\rご不明な点やご要望などがございましたら、上記のお問い合わせ先まで、\rお気軽にお申し付け下さい。\r何卒宜しくお願いいたします。\r\r※このメールは、送信専用メールアドレスから配信されています。\rご返信いただいてもお答えできませんので、ご了承ください。'),
(104,25,0,'【アルクオンライン英会話】　ご入金確認','#STUDENT_NAME#様\r\rアルクオンライン英会話事務局です。\rこの度は、「アルクオンライン英会話」のご購入ありがとうございました。\r\rお客様からのお支払いを確認いたしました。\rご注文内容は、以下の通りとなります。ご確認ください。\r……………………………………………………………………………………………………\r受注番号：#POINT_SUBSCRIPTION_HISTORY_ID#\r商品ID：#COURSE_ID#\r商品名：#COURSE_NAME#\r商品料金：#COURSE_PRICE#　円\r消費税：#COURSE_TAX#　円\rお支払い金額：#COURSE_TOTAL#\rコンビニ種類：#CVS_TYPE#\r申込日時：#ORDER_DATE#\r申込氏名：#STUDENT_NAME#\r申込電話番号：#STUDENT_TELNUMBER#\r決済番号：#CVS_NUMBER#\r確認番号：#CVS_CONFIRM_NUMBER#\r入金日：#PAY_DATE#\r受講開始日：#START_DATE#\r受講有効期限：#EXPIRE_DATE#\rお届け予定日: 受講開始日の前月末頃\r↑オンライン英会話と通信講座教材のセット商品をお申込みの場合\r商品お届け先：#STUDENT_ADDRESS#\r↑オンライン英会話と通信講座教材のセット商品をお申込みの場合のお届け先\r\r※お支払い後にコンビニにて発行された「取扱明細兼受領書」は領収書となりますので、大切に保管をしてください。\r\r●ユーザーマニュアル http://s.alc.jp/user-manual-corp\r→クリックいただくと、ユーザーマニュアルが開きます。\rご予約、ご変更、ご受講にあたって、ご一読ください。\r\r★法人様により、コースの修了条件が設定されている場合には、\rマイページの「修了状況・修了証」メニューより条件・修了証発行等ご確認ください。\rまた、通信講座とのセット商品コースの修了条件は、通常通信講座の課題全提出とオンライン英会話レッスン\rの80％以上の出席となります。（法人様により、別途修了条件が異なる場合がございますので念のため、貴社ご担当者様へご確認ください。）\r……………………………………………………………………………………………………\r【お問い合わせ先】\r株式会社アルク　\rアルクお客様センター\r〒102-0073\r東京都千代田区九段北4-2-6　市ヶ谷ビル8F\r電話：03-3556-5501（月〜金9:00〜17:00／土日祝休み）\rメールアドレス：eikaiwa-info@alc.co.jp\r\r★★★弊社発行の領収書については、マイページのよくあるお問い合わせQ40をご確認の上、必要事項をご連絡ください。★★★\rアルクオンライン英会話（https://eikaiwa.alc.co.jp）\r ……………………………………………………………………………………………………\rご不明な点やご要望などがございましたら、上記のお問い合わせ先まで、\rお気軽にお申し付け下さい。\r何卒宜しくお願いいたします。\r\r※このメールは、送信専用メールアドレスから配信されています。\rご返信いただいてもお答えできませんので、ご了承ください。\r\r'),
(121,26,0,'【アルクオンライン英会話】　コンビニ支払エラー','\r\r生徒名：#STUDENT_NAME#\r\r\r\r\r\r生徒番号：#STUDENT_ID#\r\r\r\r\r\r電話番号:#STUDENT_TELNUMBER#\r\r\r\r商品ID：#COURSE_ID#\r\r\r\r商品名：#COURSE_NAME#\r\r\r\rコンビニ種類：#CVS_TYPE#\r\r\r\r申込日時：#ORDER_DATE#\r\r\r\r\r\rGMOエラーコード：#GMO_ERROR_CODE#\r\r\r\r\r\rGMOエラーメッセージ：#GMO_ERROR_MESSAGE#\r\r\r\r\r\rシステムエラー：#SYSTEM_ERROR_INFO#\r\r\r\r\r\r\r\r\r\r'),
(131,27,0,'【アルクオンライン英会話】登録完了のご連絡','#STUDENT_NAME# 様\r\rこの度は、「アルクオンライン英会話」へのお申込みを誠にありがとうございます。\rアルクオンライン英会話事務局より、「アルクオンライン英会話」登録完了のご連絡を申し上げます。\r\rご登録させていただきました内容は、以下のIDとパスワードをご入力いただき、マイページの「登録情報変更」の「基本情報」よりご確認ください。特に、Skype名は間違いがないかのチェックをレッスン予約前に必ず行ってください。\rその他の登録内容も、ご希望の場合には「基本情報」より登録内容の変更が可能です。\r\rお申込みの際に「Skype名」をご記入いただいていない方、または「Skype名」と異なる内容や「Skype名」の形式と異なる内容をお記入いただいた方は、「Skype名」の登録がまだされておりません。現在は空白となっておりますので、「Skype準備マニュアル」の「Skype名の確認」の項目をご参照いただき、Skype名をご確認いただきましたら、マイページよりSkype名のご登録をお願いいたします。\r※「メールアドレス」「電話番号」「Skype表示名」はSkype名ではございません。\r\rまた、まだSkypeをご登録されていない方は、「Skype準備マニュアル」　http://bit.ly/alc-skype-manualをご参照いただき、\rSkypeのご登録を完了されましたら、マイページよりSkype名のご登録をお願いいたします。\r--------------------------------------------------------------------------------------\r＜ご受講に関する情報＞\r●ID：お申し込みの際にいただきましたメールアドレス\r\r●パスワード：#STUDENT_PASSWORD#\r※お申込みの際にご申告のない場合また、ご申告いただいた内容に不備（禁則文字等）がある場合には、事務局で初期設定させていただいております。必ずご変更をお願いいたします。「登録情報変更」の「パスワード」よりお好きなパスワードに変更が出来ます。\r\r●お申込みコース：商品名：#COURSE_NAME#\r\r●ご受講期間：#START_DATE#　　～　#EXPIRE_DATE#\r\r●ログインサイト：http://eikaiwa.alc.co.jp/\r→ご案内しておりますIDとパスワードを入力し、\rログイン後にご自分のマイページにお進みください。\r\r●ユーザーマニュアル http://bit.ly/alc-user-manual\r→クリックいただくと、ユーザーマニュアルが開きます。\rご予約、ご変更、ご受講にあたって、ご一読ください。\r-----------------------------------------------------------------------------------------\rこのメールは、配信専用のアドレスで配信されています。\rこのメールに返信されても、返信内容の確認およびご返答ができません。\rあらかじめご了承ください。\r\rレッスンご受講に関して、ご不明な点がございましたら\r以下までお問い合わせください。\r…………………………………………………………………………………\r【アルクオンライン英会話 お問い合わせ先】\rアルクオンライン英会話事務局（https://eikaiwa.alc.co.jp）\r○お問い合わせフォーム\rhttp://eikaiwa.alc.co.jp/user/contact\r○お電話：アルクオンライン英会話サポートセンター\r0570-200-465（ナビダイヤル）\r[受付時間：20時～24時（年中無休）]\r…………………………………………………………………………………\r講師一同、お会いできることを楽しみにしております。\r……………………………………………………………………\r株式会社アルク　\rアルクオンライン英会話事務局\reikaiwa-info@alc.co.jp\r……………………………………………………………………\r\r\r\r\r\r\r\r\r\r\r\r\r\r\r\r\r'),
(141,28,0,'【アルクオンライン英会話】　コース登録完了','#STUDENT_NAME#様\r\rこの度は、「アルクオンライン英会話」へのお申込み誠にありがとうございます。\rアルクオンライン英会話事務局より、「アルクオンライン英会話」コース登録完了のご連絡を申し上げます。\r\rご購入いただきました内容は、以下となります。\rご確認ください。\r--------------------------------------------------------------\r●商品名：#COURSE_NAME#\r\r●ご受講期間：#START_DATE#　　～　　#EXPIRE_DATE#\r\r●ログインサイト：http://eikaiwa.alc.co.jp/\r→現在使用中（または過去に登録済み）のメールアドレスとパスワードを入力し、\rログイン後にご自分のマイページにお進みください。\r\r★☆★☆★★☆★☆★★☆★☆★★☆★☆★★☆★☆★★☆★☆★★☆★\rなお、システム上、追加お申込みの際に現在使用中のものと\r異なるパスワード・基本情報をご申告いただいた方は、今回\rの登録で変更する事ができません。\rお手数ではございますが、ご自身のマイページより行っていた\rだきますようお願いいたします。\r★☆★☆★★☆★☆★★☆★☆★★☆★☆★★☆★☆★★☆★☆★★☆★\r\r●ユーザーマニュアル http://bit.ly/alc-user-manual\r→クリックいただくと、ユーザーマニュアルが開きます。\rご予約、ご変更、ご受講にあたって、ご一読ください。\r----------------------------------------------\rこのメールは、配信専用のアドレスで配信されています。\rこのメールに返信されても、返信内容の確認およびご返答ができません。\rあらかじめご了承ください。\r\rレッスンご受講に関して、ご不明な点がございましたら\r以下までお問い合わせください。\r…………………………………………………………………………………\r【アルクオンライン英会話 お問い合わせ先】\rアルクオンライン英会話事務局（https://eikaiwa.alc.co.jp）\r○お問い合わせフォーム\rhttp://eikaiwa.alc.co.jp/user/contact\r○お電話：アルクオンライン英会話サポートセンター\r0570-200-465（ナビダイヤル）\r[受付時間：20時～24時（年中無休）]\r…………………………………………………………………………………\r講師一同、お会いできることを楽しみにしております。\r……………………………………………………………………\r株式会社アルク　\rアルクオンライン英会話事務局\reikaiwa-info@alc.co.jp\r……………………………………………………………………\r'),
(151,29,0,'【アルクオンライン英会話】登録完了とコース選択・お支払いについて','#STUDENT_NAME# 様\r\rこの度は、「アルクオンライン英会話」へお申込みいただき誠にありがとうございます。\rアルクオンライン英会話事務局より、「アルクオンライン英会話」のコース購入から\rレッスン受講までの手続きについてご連絡いたします。\r\r現在ご登録の受講者情報の一部は、アルクオンライン英会話事務局が仮設定したデータです。\r受講者情報のご変更、コース選択とお支払い手続き（カード決済）、レッスンご予約から\rご受講までの流れは、下記URLの『「コース購入」から「ご受講」までの流れ』を\rご参照いただき、お手続きいただきますようお願いいたします。\rhttp://bit.ly/alc-online-flow2\r\rお申込みの際に「Skype名」をご記入いただいていない方、または「Skype名」と異なる内容や「Skype名」の形式と異なる内容をお記入いただいた方は、「Skype名」の登録がまだされておりません。現在は空白となっておりますので、「Skype準備マニュアル」の「Skype名の確認」の項目をご参照いただき、Skype名をご確認いただきましたら、マイページよりSkype名のご登録をお願いいたします。\r※「メールアドレス」「電話番号」「Skype表示名」はSkype名ではございません。\r\rまた、まだSkypeをご登録されていない方は、「Skype準備マニュアル」　http://bit.ly/alc-skype-manualをご参照いただき、\rSkypeのご登録を完了されましたら、マイページよりSkype名のご登録をお願いいたします。\r\r※オンライン英会話と通信講座のセット商品（オンライン英会話ヒアリングマラソンセット等）をお申込みの場合は、通信講座発送のタイミングの都合上、当メール受信後3日以内にコースの購入をお願いいたします。購入が遅くなりますと、教材の発送が開講日以降になる可能性がございます。また、希望開講月が翌々月以降の場合には、開講月前月20日までにコース購入をお願いいたします。20日以降のご購入の場合には、教材の発送が開講日以降になる可能性がございます。\r\r手続きの際には、以下の情報をご参照ください。\r-----------------------------------------------------------------------\r＜ご受講に関する情報＞\r●ID：お申込み時にご記入いただいたメールアドレス\r\r●パスワード：#STUDENT_PASSWORD#\r※お申込みの際にご申告のない場合には、事務局で初期設定させていただきました。必ずご変更をお願いいたします。\r　「登録情報変更」の「パスワード」よりお好きなパスワードに変更が出来ます。\r\r●【法人会員専用「アルクオンライン英会話」ログイン】\rhttps://eikaiwa.alc.co.jp/user/enterprise_student_login\r\r●受講期間：コース選択後、マイページにてご確認ください。\r\r●ユーザーマニュアルhttp://s.alc.jp/user-manual-corp\r→クリックいただくと、ユーザーマニュアルが開きます。\rご予約、ご変更、ご受講にあたって、ご一読ください。\r\r★法人様により、コースの修了条件が設定されている場合には、\rマイページの「修了状況・修了証」メニューより条件・修了証発行等ご確認ください。\rまた、通信講座とのセット商品コースの修了条件は、通常通信講座の課題全提出とオンライン英会話レッスン\rの80％以上の出席となります。（法人様により、別途修了条件が異なる場合がございますので念のため、貴社ご担当者様へご確認ください。）\r------------------------------------------------------------------------\rこのメールは、配信専用のアドレスで配信されています。\rこのメールに返信されても、返信内容の確認およびご返答ができません。\rあらかじめご了承ください。\r\rお手続きに関して、ご不明な点がございましたら 以下までお問い合わせください。\r…………………………………………………………………………………\r【アルクオンライン英会話　お問い合わせ先】\rアルクオンライン英会話事務局（https://eikaiwa.alc.co.jp）\r ○お問い合わせフォーム\r http://eikaiwa.alc.co.jp/user/contact\r○お電話：アルクオンライン英会話サポートセンター\r0570-200-465（ナビダイヤル）\r[受付時間：20時～24時（年中無休）]\r…………………………………………………………………………………\r講師一同、お会いできることを楽しみにしております。\r ………………………………………………………………………………\r 株式会社アルク\r アルクオンライン英会話事務局\r eikaiwa-info@alc.co.jp\r………………………………………………………………………………\r\r'),
(161,31,0,'【アルクオンライン英会話】　コース登録完了のご案内','#STUDENT_NAME#様\r\n\r\nこの度は、「アルクオンライン英会話」へのお申込み誠にありがとうございます。\r\nアルクオンライン英会話事務局より、「アルクオンライン英会話」コース登録完了のご連絡を申し上げます。\r\n\r\nご購入いただきました内容は、以下となります。\r\nご確認ください。\r\n--------------------------------------------------------------\r\n●商品名：#COURSE_NAME#\r\n\r\n●ご受講期間：#START_DATE#　　～　　#EXPIRE_DATE#\r\n\r\n●教材お届け予定日（オンライン英会話と通信講座教材のセット商品をお申込みの場合）: 受講開始日の前月末頃\r\n※受講開始日とお申込みのタイミングにより、お届け日が上記と異なる場合にがございます。\r\n\r\n●商品お届け先（オンライン英会話と通信講座教材のセット商品をお申込みの場合のお届け先）：#STUDENT_ADDRESS#\r\n\r\n●法人会員専用「アルクオンライン英会話」ログインサイト\r\nhttps://eikaiwa.alc.co.jp/user/enterprise_student_login\r\n→現在使用中（または過去に登録済み）のメールアドレスとパスワードを入力し、\r\nログイン後にご自分のマイページにお進みください。\r\n\r\n★☆★☆★★☆★☆★★☆★☆★★☆★☆★★☆★☆★★☆★☆★★☆★\r\nなお、システム上、追加お申込みの際に現在使用中のものと\r\n異なるパスワード・基本情報をご申告いただいた方は、今回\r\nの登録で変更する事ができません。\r\nお手数ではございますが、ご自身のマイページより行っていた\r\nだきますようお願いいたします。\r\n★☆★☆★★☆★☆★★☆★☆★★☆★☆★★☆★☆★★☆★☆★★☆★\r\n\r\n●ユーザーマニュアル http://s.alc.jp/user-manual-corp\r\n→クリックいただくと、ユーザーマニュアルが開きます。\r\nご予約、ご変更、ご受講にあたって、ご一読ください。\r\n\r\n★法人様により、コースの修了条件が設定されている場合には、\r\nマイページの「修了状況・修了証」メニューより条件・修了証発行等ご確認ください。\r\nまた、通信講座とのセット商品コースの修了条件は、通常通信講座の課題全提出とオンライン英会話レッスン\r\nの80％以上の出席となります。（法人様により、別途修了条件が異なる場合がございますので念のため、貴社ご担当者様へご確認ください。）\r\n\r\n☆ご受講されるコース別におすすめ活用法をご紹介いたします。\r\n下記URLをご参照いただき、レッスンを効果的にご受講ください。\r\nhttp://bit.ly/2bUHHX6\r\n----------------------------------------------\r\nこのメールは、配信専用のアドレスで配信されています。\r\nこのメールに返信されても、返信内容の確認およびご返答ができません。\r\nあらかじめご了承ください。\r\n\r\nレッスンご受講に関して、ご不明な点がございましたら\r\n以下までお問い合わせください。\r\n…………………………………………………………………………………\r\n【アルクオンライン英会話 お問い合わせ先】\r\nアルクオンライン英会話事務局（https://eikaiwa.alc.co.jp）\r\n○お問い合わせフォーム\r\nhttp://eikaiwa.alc.co.jp/user/contact\r\n○お電話：アルクオンライン英会話サポートセンター\r\n0570-200-465（ナビダイヤル）\r\n[受付時間：20時～24時（年中無休）]\r\n…………………………………………………………………………………\r\n講師一同、お会いできることを楽しみにしております。\r\n……………………………………………………………………\r\n株式会社アルク　\r\nアルクオンライン英会話事務局\r\neikaiwa-info@alc.co.jp\r\n……………………………………………………………………\r\n'),
(171,32,0,'【アルクオンライン英会話】登録完了とコース選択のご連絡','#STUDENT_NAME# 様\r\rこの度は、「アルクオンライン英会話」へお申込みいただき誠にありがとうございます。\rアルクオンライン英会話事務局より、「アルクオンライン英会話」のコース選択から\rレッスン受講までの手続きについてご連絡いたします。\r\r※オンライン英会話と通信講座のセット商品（オンライン英会話ヒアリングマラソンセット等）をお申込みの場合は、通信講座発送のタイミングの都合上、当メール受信後3日以内にコースの購入をお願いいたします。購入が遅くなりますと、教材の発送が開講日以降になる可能性がございます。また、希望開講月が翌々月以降の場合には、開講月前月20日までにコース購入をお願いいたします。20日以降のご購入の場合には、教材の発送が開講日以降になる可能性がございます。\r\r現在ご登録の受講者情報の一部には、アルクオンライン英会話事務局が仮設定したデータが含まれております。\r受講者情報のご変更、コース選択、レッスンご予約からご受講までの流れは、\r下記URLの資料に沿ってお手続きいただくようをお願いいたします。\r●http://bit.ly/alc-online-flow\r\rお申込みの際に「Skype名」をご記入いただいていない方、または「Skype名」と異なる内容や「Skype名」の形式と異なる内容をお記入いただいた方は、「Skype名」の登録がまだされておりません。現在は空白となっておりますので、「Skype準備マニュアル」の「Skype名の確認」の項目をご参照いただき、Skype名をご確認いただきましたら、マイページよりSkype名のご登録をお願いいたします。\r※「メールアドレス」「電話番号」「Skype表示名」はSkype名ではございません。\r\rまた、まだSkypeをご登録されていない方は、「Skype準備マニュアル」　http://bit.ly/alc-skype-manualをご参照いただき、\rSkypeのご登録を完了されましたら、マイページよりSkype名のご登録をお願いいたします。\r--------------------------------------------------------------------------------------\r＜ご受講に関する情報＞\r●ID：お申し込みの際にいただきましたメールアドレス\r\r●パスワード：#STUDENT_PASSWORD#\r※お申込みの際にご申告のない場合には、事務局で初期設定させていただきました。必ずご変更をお願いいたします。\r　「登録情報変更」の「パスワード」よりお好きなパスワードに変更が出来ます。\r\r●法人会員専用「アルクオンライン英会話」ログインサイト\rhttps://eikaiwa.alc.co.jp/user/enterprise_student_login\r→ご案内しておりますIDとパスワードを入力し、\rログイン後にご自分のマイページにお進みください。\r\r●受講期間：コース選択後、マイページにてご確認ください。\r\r●ユーザーマニュアルhttp://s.alc.jp/user-manual-corp\r→クリックいただくと、ユーザーマニュアルが開きます。\rご予約、ご変更、ご受講にあたって、ご一読ください。\r\r★法人様により、コースの修了条件が設定されている場合には、\rマイページの「修了状況・修了証」メニューより条件・修了証発行等ご確認ください。\rまた、通信講座とのセット商品コースの修了条件は、通常通信講座の課題全提出とオンライン英会話レッスン\rの80％以上の出席となります。（法人様により、別途修了条件が異なる場合がございますので念のため、貴社ご担当者様へご確認ください。）\r-----------------------------------------------------------------------------------------\rこのメールは、配信専用のアドレスで配信されています。\rこのメールに返信されても、返信内容の確認およびご返答ができません。\rあらかじめご了承ください。\r\rレッスンご受講に関して、ご不明な点がございましたら\r以下までお問い合わせください。\r…………………………………………………………………………………\r【アルクオンライン英会話 お問い合わせ先】\rアルクオンライン英会話事務局（https://eikaiwa.alc.co.jp）\r○お問い合わせフォーム\rhttp://eikaiwa.alc.co.jp/user/contact\r○お電話：アルクオンライン英会話サポートセンター\r0570-200-465（ナビダイヤル）\r[受付時間：20時～24時（年中無休）]\r…………………………………………………………………………………\r講師一同、お会いできることを楽しみにしております。\r……………………………………………………………………\r株式会社アルク　\rアルクオンライン英会話事務局\reikaiwa-info@alc.co.jp\r……………………………………………………………………\r\r\r\r\r\r\r\r\r'),
(181,30,0,'【アルクオンライン英会話】会員・コース登録完了のご連絡','#STUDENT_NAME#様\r\rこの度は、「アルクオンライン英会話」へのお申込み誠にありがとうございます。\rアルクオンライン英会話事務局より、「アルクオンライン英会話」登録完了のご連絡を申し上げます。\r\rご登録させていただきました内容は、以下のIDとパスワードを入力いただき、マイページの「登録情報変更」の\r「基本情報」よりご確認ください。特に、Skype名は間違いがないかチェックをレッスン予約前に必ず行ってください。\rその他の登録内容も、ご希望の場合には「基本情報」より登録内容の変更が可能です。\r\rお申込みの際に「Skype名」をご記入いただいていない方、または「Skype名」と異なる内容や「Skype名」の形式と異なる内容をお記入いただいた方は、「Skype名」の登録がまだされておりません。現在は空白となっておりますので、「Skype準備マニュアル」の「Skype名の確認」の項目をご参照いただき、Skype名をご確認いただきましたら、マイページよりSkype名のご登録をお願いいたします。\r※「メールアドレス」「電話番号」「Skype表示名」はSkype名ではございません。\r\rまた、まだSkypeをご登録されていない方は、「Skype準備マニュアル」　http://bit.ly/alc-skype-manualをご参照いただき、\rSkypeのご登録を完了されましたら、マイページよりSkype名のご登録をお願いいたします。\r\r--------------------------------------------------------------------------------------\r＜ご受講に関する情報＞\r●ID：お申し込みの際にいただきましたメールアドレス\r\r●パスワード：#STUDENT_PASSWORD#\r※お申込みの際にご申告のない場合また、ご申告いただいた内容に不備（禁則文字等）がある場合には、事務局で初期設定させていただいております。\r必ずご変更をお願いいたします。「登録情報変更」の「パスワード」よりお好きなパスワードに変更が出来ます。\r\r●お申込みコース：#COURSE_NAME#\r\r●コース受講期間：#START_DATE#　～　#EXPIRE_DATE#\r\r●教材お届け予定日（オンライン英会話と通信講座教材のセット商品をお申込みの場合）: 受講開始日の前月末頃\r※受講開始日とお申込みのタイミングにより、お届け日が上記と異なる場合にがございます。\r\r●商品お届け先（オンライン英会話と通信講座教材のセット商品をお申込みの場合のお届け先）：#STUDENT_ADDRESS#\r\r●法人会員専用「アルクオンライン英会話」ログインサイト\rhttps://eikaiwa.alc.co.jp/user/enterprise_student_login\r→ご案内しておりますIDとパスワードを入力し、\rログイン後にご自分のマイページにお進みください。\r\r●ユーザーマニュアル http://s.alc.jp/user-manual-corp\r→クリックいただくと、ユーザーマニュアルが開きます。\rご予約、ご変更、ご受講にあたって、ご一読ください。\r\r★法人様により、コースの修了条件が設定されている場合には、\rマイページの「修了状況・修了証」メニューより条件・修了証発行等ご確認ください。\rまた、通信講座とのセット商品コースの修了条件は、通常通信講座の課題全提出とオンライン英会話レッスン\rの80％以上の出席となります。（法人様により、別途修了条件が異なる場合がございますので念のため、貴社ご担当者様へご確認ください。）\r\r☆ご受講されるコース別におすすめ活用法をご紹介いたします。\r下記URLをご参照いただき、レッスンを効果的にご受講ください。\rhttp://bit.ly/2bUHHX6\r-----------------------------------------------------------------------------------------\rこのメールは、配信専用のアドレスで配信されています。\rこのメールに返信されても、返信内容の確認およびご返答ができません。\rあらかじめご了承ください。\r\rレッスンご受講に関して、ご不明な点がございましたら\r以下までお問い合わせください。\r…………………………………………………………………………………\r【アルクオンライン英会話 お問い合わせ先】\rアルクオンライン英会話事務局（https://eikaiwa.alc.co.jp）\r○お問い合わせフォーム\rhttp://eikaiwa.alc.co.jp/user/contact\r○お電話：アルクオンライン英会話サポートセンター\r0570-200-465（ナビダイヤル）\r[受付時間：20時～24時（年中無休）]\r…………………………………………………………………………………\r講師一同、お会いできることを楽しみにしております。\r……………………………………………………………………\r株式会社アルク　\rアルクオンライン英会話事務局\reikaiwa-info@alc.co.jp\r……………………………………………………………………\r\r\r\r'),
(211,33,0,'【アルクオンライン英会話】講師からのレッスンコメント','#STUDENT_NAME#様\r\rこの度は、「アルクオンライン英会話」レッスンをご受講いただきありがとうございました。\rアルクオンライン英会話事務局です。\r\r講師からレッスン後のコメントが届いております。\rコメントは、マイページの「レッスン予約・履歴」の「詳細を見る」からもご覧いただけます。\r\rレッスン後の復習等にぜひご活用ください。\r\r★★★★★★★★★★★★★★★★★★★★★★★★★★★★★★★★★★★★★★★★★★★★★★★\r\r先生ニックネーム:　#TEACHER_NICKNAME#\r\rレッスン日:　#LESSON_DATE#\r\rレッスン時間:　#LESSON_TIME#\r\rレッスン名:　#LESSON_NAME#\r\rテキスト名:　#LESSON_TEXT_NAME#\r\rコメント：#TEACHER_COMMENT#\r\r★★★★★★★★★★★★★★★★★★★★★★★★★★★★★★★★★★★★★★★★★★★★★★★\r\rそれでは、講師一同、#STUDENT_NAME# 様の次回のレッスン受講を心よりお待ちしております。\r\r※このメールは、送信専用メールアドレスから配信されています。\rご返信いただいてもお答えできませんので、ご了承ください。\r\r∽∽∽∽∽∽∽∽∽∽∽∽∽∽∽∽∽∽∽∽∽∽∽∽∽\rみなさまからの貴重なご意見を募集中！\r\r★★★毎月抽選でレッスンをプレゼント★★★\r\rアルクオンライン英会話ご利用アンケートはこちら\rhttps://enquete.cc/q/alc_online\r∽∽∽∽∽∽∽∽∽∽∽∽∽∽∽∽∽∽∽∽∽∽∽∽∽\r………………………………………………………………………………………………………\r株式会社アルク\rアルクオンライン英会話事務局（https://eikaiwa.alc.co.jp）\rお問い合わせフォーム：https://eikaiwa.alc.co.jp/user/contact\r\r○アルクオンライン英会話サポートセンター\r0570-200-465（ナビダイヤル）\r[受付時間：20時～24時（年中無休）]\r………………………………………………………………………………………………………\r'),
(221,34,0,'【アルクオンライン英会話】LMSシステムアカウント情報のご案内','#COMPANY_NAME#\r#ADMIN_NAME#様\r\r【1通目】\r●ログインサイト：　https://lms.alc.co.jp/admin/login\r●マニュアル：　http://bit.ly/alc_lms_manua\r\r\r\r\r\r【2通目】\r●メールアドレス：#ADMIN_EMAIL#\r●パスワード：#ADMIN_PASSWORD#\r●企業ID：#PROJECT_CODE#\r\r\r'),
(231,35,0,'【アルクオンライン英会話】ご注文内容ご確認','#STUDENT_NAME#様\r\rアルクオンライン英会話事務局です。\r\rこの度は、「アルクオンライン英会話」コースのご購入ありがとうございます。\r\rご購入いただきました内容は、以下となります。\rご確認ください。\r--------------------------------------------------------------\rオーダーID：#ORDER_ID#\r\r商品ID：#SET_COURSE_ID#\r\r商品名：#SET_COURSE_NAME#\r\r商品料金：#SET_COURSE_PRICE#　円\r\r消費税：#SET_COURSE_TAX#　円\r\rお支払い金額：#SET_COURSE_TOTAL#　円\r\r決済方法:クレジットカード\r\r決済日時：#ORDER_DATE#\r\r【セットコース詳細】\r#COURSE_LIST_START#\rコース名：#COURSE_NAME#\r\r受講開始日：#START_DATE#\r\r有効期限日：#EXPIRE_DATE#\r#COURSE_LIST_END#\r\r●ユーザーマニュアル http://bit.ly/alc-user-manual\r→クリックいただくと、ユーザーマニュアルが開きます。ご予約、ご変更、ご受講にあたって、ご一読ください。\r\r●イングリッシュ・クイックマスター（zero/basic/advanced）オンライン英会話の復習テスト付きのコースをご受講の場合は、\r必ず復習テストに対応している連続したUnitのレッスンをご受講ください。詳細は、下記URLをご参照ください。\rhttp://s.alc.jp/EQM_TEST_manual\r\r………………………………………………………………………………………………………\r株式会社アルク\rアルクオンライン英会話事務局（https://eikaiwa.alc.co.jp）\rお問い合わせフォーム：https://eikaiwa.alc.co.jp/user/contact\r\r○アルクオンライン英会話サポートセンター\r0570-200-465（ナビダイヤル）\r[受付時間：20時～24時（年中無休）]\r………………………………………………………………………………………………………\r\r\r\r'),
(241,36,0,'【アルクオンライン英会話】ご注文内容ご確認','#STUDENT_NAME#様\r\rアルクオンライン英会話事務局です。\rこの度は、「アルクオンライン英会話」のご購入ありがとうございました。\r\r下記の通り、ご注文を承りましたのでご確認ください。\r\r……………………………………………………………………………………………………\rオーダーID：#ORDER_ID#\r\r商品ID：#SET_COURSE_ID#\r\r商品名：#SET_COURSE_NAME#\r\r決済方法:法人経由決済\r……………………………………………………………………………………………………\r【セットコース詳細】\r#COURSE_LIST_START#\rコース名：#COURSE_NAME#\r\r受講開始日：#START_DATE#\r\r有効期限日：#EXPIRE_DATE#\r#COURSE_LIST_END#\r\r\r●ユーザーマニュアル http://s.alc.jp/user-manual-corp\r→クリックいただくと、ユーザーマニュアルが開きます。ご予約、ご変更、ご受講にあたって、ご一読ください。\r\r●イングリッシュ・クイックマスター（zero/basic/advanced）オンライン英会話の復習テスト付きのコースをご受講の場合は、\r必ず復習テストに対応している連続したUnitのレッスンをご受講ください。詳細は、下記URLをご参照ください。\rhttp://s.alc.jp/EQM_TEST_manual\r\r★法人様により、コースの修了条件が設定されている場合には、\rマイページの「修了状況・修了証」メニューより条件・修了証発行等ご確認ください。\rまた、通信講座とのセット商品コースの修了条件は、通常通信講座の課題全提出とオンライン英会話レッスン\rの80％以上の出席となります。（法人様により、別途修了条件が異なる場合がございますので念のため、貴社ご担当者様へご確認ください。）\r\r☆ご受講されるコース別におすすめ活用法をご紹介いたします。\r下記URLをご参照いただき、レッスンを効果的にご受講ください。\rhttp://bit.ly/2bUHHX6\r……………………………………………………………………………………………………\r【お問い合わせ先】\r株式会社アルク　\rアルクお客様センター\r〒102-0073\r東京都千代田区九段北4-2-6　市ヶ谷ビル8F\r電話：03-3556-5501（月〜金9:00〜17:00／土日祝休み）\rメールアドレス：eikaiwa-info@alc.co.jp\r\rアルクオンライン英会話（https://eikaiwa.alc.co.jp）\r ……………………………………………………………………………………………………\rご不明な点やご要望などがございましたら、上記のお問い合わせ先まで、\rお気軽にお申し付け下さい。\r何卒宜しくお願いいたします。\r\r※このメールは、送信専用メールアドレスから配信されています。\rご返信いただいてもお答えできませんので、ご了承ください。\r\r\r\r'),
(251,37,0,'【アルクオンライン英会話】ご注文内容ご確認','#STUDENT_NAME#様\r\rアルクオンライン英会話事務局です。\rこの度は、「アルクオンライン英会話」のご購入ありがとうございました。\r\r下記の通り、ご注文を承りましたのでご確認ください。\r\r……………………………………………………………………………………………………\rオーダーID：#ORDER_ID#\r\r商品ID：#SET_COURSE_ID#\r\r商品名：#SET_COURSE_NAME#\r\r商品料金：#SET_COURSE_PRICE#　円\r\r消費税：#SET_COURSE_TAX#　円\r\rお支払い金額：#SET_COURSE_TOTAL#　円\r\r決済方法:クレジットカード\r\r決済日時：#ORDER_DATE#\r\r申込氏名：#STUDENT_NAME#\r\r↑クレジットカード会社発行の利用明細が公的な領収書となります。\r……………………………………………………………………………………………………\r【セットコース詳細】\r#COURSE_LIST_START#\rコース名：#COURSE_NAME#\r\r受講開始日：#START_DATE#\r\r有効期限日：#EXPIRE_DATE#\r#COURSE_LIST_END#\r\r\r●ユーザーマニュアル http://s.alc.jp/user-manual-corp\r→クリックいただくと、ユーザーマニュアルが開きます。ご予約、ご変更、ご受講にあたって、ご一読ください。\r\r●イングリッシュ・クイックマスター（zero/basic/advanced）オンライン英会話の復習テスト付きのコースをご受講の場合は、\r必ず復習テストに対応している連続したUnitのレッスンをご受講ください。詳細は、下記URLをご参照ください。\rhttp://s.alc.jp/EQM_TEST_manual\r\r★法人様により、コースの修了条件が設定されている場合には、\rマイページの「修了状況・修了証」メニューより条件・修了証発行等ご確認ください。\rまた、通信講座とのセット商品コースの修了条件は、通常通信講座の課題全提出とオンライン英会話レッスン\rの80％以上の出席となります。（法人様により、別途修了条件が異なる場合がございますので念のため、貴社ご担当者様へご確認ください。）\r\r☆ご受講されるコース別におすすめ活用法をご紹介いたします。\r下記URLをご参照いただき、レッスンを効果的にご受講ください。\rhttp://bit.ly/2bUHHX6\r……………………………………………………………………………………………………\r【お問い合わせ先】\r株式会社アルク　\rアルクお客様センター\r〒102-0073\r東京都千代田区九段北4-2-6　市ヶ谷ビル8F\r電話：03-3556-5501（月〜金9:00〜17:00／土日祝休み）\rメールアドレス：eikaiwa-info@alc.co.jp\r\r★★★弊社発行の領収書については、マイページのよくあるお問い合わせQ40をご確認の上、必要事項をご連絡ください。★★★\rアルクオンライン英会話（https://eikaiwa.alc.co.jp）\r ……………………………………………………………………………………………………\rご不明な点やご要望などがございましたら、上記のお問い合わせ先まで、\rお気軽にお申し付け下さい。\r何卒宜しくお願いいたします。\r\r※このメールは、送信専用メールアドレスから配信されています。\rご返信いただいてもお答えできませんので、ご了承ください。\r\r\r\r\r'),
(261,38,0,'【アルクオンライン英会話】ご注文内容ご確認','#STUDENT_NAME#様\r\rアルクオンライン英会話事務局です。\rこの度は、「アルクオンライン英会話」のご注文ありがとうございました。\r\r下記の通り、ご注文を承りましたのでご確認ください。\r\r……………………………………………………………………………………………………\r受注番号：#ORDER_ID#\r\r商品ID：#SET_COURSE_ID#\r\r商品名：#SET_COURSE_NAME#\r\r商品料金：#SET_COURSE_PRICE#　円\r\r消費税：#SET_COURSE_TAX#　円\r\rお支払い金額：#SET_COURSE_TOTAL#　円\r\r決済方法:コンビニ決済\r\r↑コンビニ決済の際に必要な情報は、「アルクオンライン英会話」ログインページ内「購入・使用履歴」よりご確認いただけます。\r\rコンビニ種類：#CVS_TYPE#\r\r決済番号：#CVS_NUMBER#\r\r確認番号：#CVS_CONFIRM_NUMBER#\r\r申込日時：#ORDER_DATE#\r\r支払期限日：#PAY_LIMIT_DATE#\r\r↑上記期限を過ぎるとお支払いができなくなりますので、ご注意ください。\rまたお支払い後に、「取扱明細兼受領書」（領収証）が発行されます。大切に保管をしてください。\r\r申込氏名：#STUDENT_NAME#\r\r申込電話番号：#STUDENT_TELNUMBER#\r\r……………………………………………………………………………………………………\r\r【セットコース詳細】\r#COURSE_LIST_START#\rコース名：#COURSE_NAME#\r\r受講開始日：#START_DATE#\r\r有効期限日：#EXPIRE_DATE#\r#COURSE_LIST_END#\r\r\r●ユーザーマニュアル http://s.alc.jp/user-manual-corp\r→クリックいただくと、ユーザーマニュアルが開きます。\rご予約、ご変更、ご受講にあたって、ご一読ください。\r\r●イングリッシュ・クイックマスター（zero/basic/advanced）オンライン英会話の復習テスト付きのコースをご受講の場合は、\r必ず復習テストに対応している連続したUnitのレッスンをご受講ください。詳細は、下記URLをご参照ください。\rhttp://s.alc.jp/EQM_TEST_manual\r\r★法人様により、コースの修了条件が設定されている場合には、\rマイページの「修了状況・修了証」メニューより条件・修了証発行等ご確認ください。\rまた、通信講座とのセット商品コースの修了条件は、通常通信講座の課題全提出とオンライン英会話レッスン\rの80％以上の出席となります。（法人様により、別途修了条件が異なる場合がございますので念のため、貴社ご担当者様へご確認ください。）\r\r☆ご受講されるコース別におすすめ活用法をご紹介いたします。\r下記URLをご参照いただき、レッスンを効果的にご受講ください。\rhttp://bit.ly/2bUHHX6\r……………………………………………………………………………………………………\r【お問い合わせ先】\r株式会社アルク　\rアルクお客様センター\r〒102-0073\r東京都千代田区九段北4-2-6　市ヶ谷ビル8F\r電話：03-3556-5501（月〜金9:00〜17:00／土日祝休み）\rメールアドレス：eikaiwa-info@alc.co.jp\r\r★★★弊社発行の領収書については、マイページのよくあるお問い合わせQ40をご確認の上、必要事項をご連絡ください。★★★\rアルクオンライン英会話（https://eikaiwa.alc.co.jp）\r ……………………………………………………………………………………………………\rご不明な点やご要望などがございましたら、上記のお問い合わせ先まで、\rお気軽にお申し付け下さい。\r何卒宜しくお願いいたします。\r\r※このメールは、送信専用メールアドレスから配信されています。\rご返信いただいてもお答えできませんので、ご了承ください。'),
(271,39,0,'【アルクオンライン英会話】　ご入金確認','#STUDENT_NAME#様\r\rアルクオンライン英会話事務局です。\rこの度は、「アルクオンライン英会話」のご購入ありがとうございました。\r\rお客様からのお支払いを確認いたしました。\rご注文内容は、以下の通りとなります。ご確認ください。\r……………………………………………………………………………………………………\r受注番号：#ORDER_ID#\r\r商品ID：#SET_COURSE_ID#\r\r商品名：#SET_COURSE_NAME#\r\r商品料金：#SET_COURSE_PRICE#　円\r\r消費税：#SET_COURSE_TAX#　円\r\rお支払い金額：#SET_COURSE_TOTAL#\r\rコンビニ種類：#CVS_TYPE#\r\r決済番号：#CVS_NUMBER#\r\r確認番号：#CVS_CONFIRM_NUMBER#\r\r申込日時：#ORDER_DATE#\r\r申込氏名：#STUDENT_NAME#\r\r申込電話番号：#STUDENT_TELNUMBER#\r\r入金日：#PAY_DATE#\r……………………………………………………………………………………………………\r【セットコース詳細】\r#COURSE_LIST_START#\rコース名：#COURSE_NAME#\r\r受講開始日：#START_DATE#\r\r有効期限日：#EXPIRE_DATE#\r#COURSE_LIST_END#\r\r※お支払い後にコンビニにて発行された「取扱明細兼受領書」は領収書となりますので、大切に保管をしてください。\r\r●ユーザーマニュアル http://s.alc.jp/user-manual-corp\r→クリックいただくと、ユーザーマニュアルが開きます。ご予約、ご変更、ご受講にあたって、ご一読ください。\r\r●イングリッシュ・クイックマスター（zero/basic/advanced）オンライン英会話の復習テスト付きのコースをご受講の場合は、\r必ず復習テストに対応している連続したUnitのレッスンをご受講ください。詳細は、下記URLをご参照ください。\rhttp://s.alc.jp/EQM_TEST_manual\r\r★法人様により、コースの修了条件が設定されている場合には、\rマイページの「修了状況・修了証」メニューより条件・修了証発行等ご確認ください。\rまた、通信講座とのセット商品コースの修了条件は、通常通信講座の課題全提出とオンライン英会話レッスン\rの80％以上の出席となります。（法人様により、別途修了条件が異なる場合がございますので念のため、貴社ご担当者様へご確認ください。）\r\r……………………………………………………………………………………………………\r【お問い合わせ先】\r株式会社アルク　\rアルクお客様センター\r〒102-0073\r東京都千代田区九段北4-2-6　市ヶ谷ビル8F\r電話：03-3556-5501（月〜金9:00〜17:00／土日祝休み）\rメールアドレス：eikaiwa-info@alc.co.jp\r\r★★★弊社発行の領収書については、マイページのよくあるお問い合わせQ40をご確認の上、必要事項をご連絡ください。★★★\rアルクオンライン英会話（https://eikaiwa.alc.co.jp）\r ……………………………………………………………………………………………………\rご不明な点やご要望などがございましたら、上記のお問い合わせ先まで、\rお気軽にお申し付け下さい。\r何卒宜しくお願いいたします。\r\r※このメールは、送信専用メールアドレスから配信されています。\rご返信いただいてもお答えできませんので、ご了承ください。\r'),
(281,40,0,'【アルクオンライン英会話】登録完了のご連絡','#STUDENT_NAME# 様\r\rこの度は、「アルクオンライン英会話」へのお申込み誠にありがとうございます。\rアルクオンライン英会話事務局より、「アルクオンライン英会話」登録完了のご連絡を申し上げます。\r\rご登録させていただきました内容は、以下のIDとパスワードを入力いただき、マイページの「登録情報変更」の\r「基本情報」よりご確認ください。特に、Skype名は間違いがないかチェックをレッスン予約前に必ず行ってください。\rその他の登録内容も、ご希望の場合には「基本情報」より登録内容の変更が可能です。\r\rお申込みの際に「Skype名」をご記入いただいていない方、または「Skype名」と異なる内容や「Skype名」の形式と異なる内容をお記入いただいた方は、「Skype名」の登録がまだされておりません。現在は空白となっておりますので、「Skype準備マニュアル」の「Skype名の確認」の項目をご参照いただき、Skype名をご確認いただきましたら、マイページよりSkype名のご登録をお願いいたします。\r※「メールアドレス」「電話番号」「Skype表示名」はSkype名ではございません。\r\rまた、まだSkypeをご登録されていない方は、「Skype準備マニュアル」　http://bit.ly/alc-skype-manualをご参照いただき、\rSkypeのご登録を完了されましたら、マイページよりSkype名のご登録をお願いいたします。\r--------------------------------------------------------------------------------------\r＜ご受講に関する情報＞\r●ID：お申し込みの際にいただきましたメールアドレス\r\r●パスワード：#STUDENT_PASSWORD#\r\r※パスワードは、事務局で初期設定させていただきました。必ずご変更をお願いいたします。\r\r　「登録情報変更」の「パスワード」よりお好きなパスワードに変更が出来ます。\r\r●お申込みコース：#SET_COURSE_NAME#\r#COURSE_LIST_START#\r　コース名：#COURSE_NAME#\r　コース受講期間：#START_DATE#　～　#EXPIRE_DATE#\r#COURSE_LIST_END#\r\r●ログインサイト：http://eikaiwa.alc.co.jp/\r→ご案内しておりますIDとパスワードを入力し、ログイン後にご自分のマイページにお進みください。\r\r●ユーザーマニュアル http://bit.ly/alc-user-manual\r→クリックいただくと、ユーザーマニュアルが開きます。ご予約、ご変更、ご受講にあたって、ご一読ください。\r\r●イングリッシュ・クイックマスター（zero/basic/advanced）オンライン英会話の復習テスト付きのコースをご受講の場合は、\r必ず復習テストに対応している連続したUnitのレッスンをご受講ください。詳細は、下記URLをご参照ください。\rhttp://s.alc.jp/EQM_TEST_manual\r-----------------------------------------------------------------------------------------\rこのメールは、配信専用のアドレスで配信されています。\rこのメールに返信されても、返信内容の確認およびご返答ができません。\rあらかじめご了承ください。\r\rレッスンご受講に関して、ご不明な点がございましたら\r以下までお問い合わせください。\r…………………………………………………………………………………\r【アルクオンライン英会話 お問い合わせ先】\rアルクオンライン英会話事務局（https://eikaiwa.alc.co.jp）\r○お問い合わせフォーム\rhttp://eikaiwa.alc.co.jp/user/contact\r○お電話：アルクオンライン英会話サポートセンター\r0570-200-465（ナビダイヤル）\r[受付時間：20時～24時（年中無休）]\r…………………………………………………………………………………\r講師一同、お会いできることを楽しみにしております。\r……………………………………………………………………\r株式会社アルク　\rアルクオンライン英会話事務局\reikaiwa-info@alc.co.jp\r……………………………………………………………………\r'),
(291,41,0,'【アルクオンライン英会話】　コース登録完了','#STUDENT_NAME#様\r\rこの度は、「アルクオンライン英会話」へのお申込み誠にありがとうございます。\rアルクオンライン英会話事務局より、「アルクオンライン英会話」コース登録完了のご連絡を申し上げます。\r\rご購入いただきました内容は、以下となります。\rご確認ください。\r--------------------------------------------------------------\r商品名：#SET_COURSE_NAME#\r\r#COURSE_LIST_START#\rコース名：#COURSE_NAME#\r●ご受講期間：#START_DATE#　～　#EXPIRE_DATE#\r#COURSE_LIST_END#\r\r●ログインサイト：http://eikaiwa.alc.co.jp/\r→現在ご登録（または過去にご登録済み）のメールアドレスとパスワードを入力し、\rログイン後にご自分のマイページにお進みください。\r\r★☆★☆★★☆★☆★★☆★☆★★☆★☆★★☆★☆★★☆★☆★★☆★\rなお、システム上、追加お申込みの際に現在使用中のものと\r異なるパスワード・基本情報をご申告いただいた方は、今回\rの登録で変更する事ができません。\rお手数ではございますが、ご自身のマイページより行っていた\rだきますようお願いいたします。\r★☆★☆★★☆★☆★★☆★☆★★☆★☆★★☆★☆★★☆★☆★★☆★\r\r●ユーザーマニュアル http://bit.ly/alc-user-manual\r→クリックいただくと、ユーザーマニュアルが開きます。ご予約、ご変更、ご受講にあたって、ご一読ください。\r\r●イングリッシュ・クイックマスター（zero/basic/advanced）オンライン英会話の復習テスト付きのコースをご受講の場合は、\r必ず復習テストに対応している連続したUnitのレッスンをご受講ください。詳細は、下記URLをご参照ください。\rhttp://s.alc.jp/EQM_TEST_manual\r----------------------------------------------\rこのメールは、配信専用のアドレスで配信されています。\rこのメールに返信されても、返信内容の確認およびご返答ができません。\rあらかじめご了承ください。\r\rレッスンご受講に関して、ご不明な点がございましたら\r以下までお問い合わせください。\r…………………………………………………………………………………\r【アルクオンライン英会話 お問い合わせ先】\rアルクオンライン英会話事務局（https://eikaiwa.alc.co.jp）\r○お問い合わせフォーム\rhttp://eikaiwa.alc.co.jp/user/contact\r○お電話：アルクオンライン英会話サポートセンター\r0570-200-465（ナビダイヤル）\r[受付時間：受付時間が20時～24時（年中無休）]\r…………………………………………………………………………………\r講師一同、お会いできることを楽しみにしております。\r……………………………………………………………………\r株式会社アルク　\rアルクオンライン英会話事務局\reikaiwa-info@alc.co.jp\r……………………………………………………………………\r\r'),
(301,42,0,'【アルクオンライン英会話】会員・コース登録完了のご連絡','#STUDENT_NAME#様\r\rこの度は、「アルクオンライン英会話」へのお申込み誠にありがとうございます。\rアルクオンライン英会話事務局より、「アルクオンライン英会話」登録完了のご連絡を申し上げます。\r\rご登録させていただきました内容は、以下のIDとパスワードを入力いただき、マイページの「登録情報変更」の\r「基本情報」よりご確認ください。特に、Skype名は間違いがないかチェックをレッスン予約前に必ず行ってください。\rその他の登録内容も、ご希望の場合には「基本情報」より登録内容の変更が可能です。\r\rお申込みの際に「Skype名」をご記入いただいていない方、または「Skype名」と異なる内容や「Skype名」の形式と異なる内容をお記入いただいた方は、「Skype名」の登録がまだされておりません。現在は空白となっておりますので、「Skype準備マニュアル」の「Skype名の確認」の項目をご参照いただき、Skype名をご確認いただきましたら、マイページよりSkype名のご登録をお願いいたします。\r※「メールアドレス」「電話番号」「Skype表示名」はSkype名ではございません。\r\rまた、まだSkypeをご登録されていない方は、「Skype準備マニュアル」　http://bit.ly/alc-skype-manualをご参照いただき、\rSkypeのご登録を完了されましたら、マイページよりSkype名のご登録をお願いいたします。\r-----------------------------------------------------------------------------------------\r＜ご受講に関する情報＞\r\r●ID：お申し込みの際にいただきましたメールアドレス\r\r●パスワード：#STUDENT_PASSWORD#\r\r※パスワードは、事務局で初期設定させていただきました。必ずご変更をお願いいたします。\r\r　「登録情報変更」の「パスワード」よりお好きなパスワードに変更が出来ます。\r\r●お申込みコース：#SET_COURSE_NAME#\r#COURSE_LIST_START#\r　コース名：#COURSE_NAME#\r　コース受講期間：#START_DATE#　～　#EXPIRE_DATE#\r#COURSE_LIST_END#\r\r●法人会員専用「アルクオンライン英会話」ログインサイト\rhttps://eikaiwa.alc.co.jp/user/enterprise_student_login\r→ご案内しておりますIDとパスワードを入力し、ログイン後にご自分のマイページにお進みください。\r\r●ユーザーマニュアル http://s.alc.jp/user-manual-corp\r→クリックいただくと、ユーザーマニュアルが開きます。ご予約、ご変更、ご受講にあたって、ご一読ください。\r\r●イングリッシュ・クイックマスター（zero/basic/advanced）オンライン英会話の復習テスト付きのコースをご受講の場合は、\r必ず復習テストに対応している連続したUnitのレッスンをご受講ください。詳細は、下記URLをご参照ください。\rhttp://s.alc.jp/EQM_TEST_manual\r\r★法人様により、コースの修了条件が設定されている場合には、\rマイページの「修了状況・修了証」メニューより条件・修了証発行等ご確認ください。\rまた、通信講座とのセット商品コースの修了条件は、通常通信講座の課題全提出とオンライン英会話レッスン\rの80％以上の出席となります。（法人様により、別途修了条件が異なる場合がございますので念のため、貴社ご担当者様へご確認ください。）\r\r☆ご受講されるコース別におすすめ活用法をご紹介いたします。\r下記URLをご参照いただき、レッスンを効果的にご受講ください。\rhttp://bit.ly/2bUHHX6\r-----------------------------------------------------------------------------------------\rこのメールは、配信専用のアドレスで配信されています。\rこのメールに返信されても、返信内容の確認およびご返答ができません。\rあらかじめご了承ください。\r\rレッスンご受講に関して、ご不明な点がございましたら\r以下までお問い合わせください。\r…………………………………………………………………………………\r【アルクオンライン英会話 お問い合わせ先】\rアルクオンライン英会話事務局（https://eikaiwa.alc.co.jp）\r○お問い合わせフォーム\rhttp://eikaiwa.alc.co.jp/user/contact\r○お電話：アルクオンライン英会話サポートセンター\r0570-200-465（ナビダイヤル）\r[受付時間：20時～24時（年中無休）]\r…………………………………………………………………………………\r講師一同、お会いできることを楽しみにしております。\r……………………………………………………………………\r株式会社アルク　\rアルクオンライン英会話事務局\reikaiwa-info@alc.co.jp\r……………………………………………………………………\r\r'),
(311,43,0,'【アルクオンライン英会話】　コース登録完了','#STUDENT_NAME#様\r\rこの度は、「アルクオンライン英会話」へのお申込み誠にありがとうございます。\rアルクオンライン英会話事務局より、「アルクオンライン英会話」コース登録完了のご連絡を申し上げます。\r\rご購入いただきました内容は、以下となります。\rご確認ください。\r--------------------------------------------------------------\r商品名：#SET_COURSE_NAME#\r\r#COURSE_LIST_START#\rコース名：#COURSE_NAME#\r●ご受講期間：#START_DATE#　～　#EXPIRE_DATE#\r#COURSE_LIST_END#\r\r●法人会員専用「アルクオンライン英会話」ログインサイト\rhttps://eikaiwa.alc.co.jp/user/enterprise_student_login\r→現在（または過去に）ご登録のメールアドレスとパスワードを入力し、\rログイン後にご自分のマイページにお進みください。\r\r★☆★☆★★☆★☆★★☆★☆★★☆★☆★★☆★☆★★☆★☆★★☆★\rなお、システム上、追加お申込みの際に現在使用中のものと\r異なるパスワード・基本情報をご申告いただいた方は、今回\rの登録で変更する事ができません。\rお手数ではございますが、ご自身のマイページより行っていた\rだきますようお願いいたします。\r★☆★☆★★☆★☆★★☆★☆★★☆★☆★★☆★☆★★☆★☆★★☆★\r\r●ユーザーマニュアル http://s.alc.jp/user-manual-corp\r→クリックいただくと、ユーザーマニュアルが開きます。ご予約、ご変更、ご受講にあたって、ご一読ください。\r\r●イングリッシュ・クイックマスター（zero/basic/advanced）オンライン英会話の復習テスト付きのコースをご受講の場合は、\r必ず復習テストに対応している連続したUnitのレッスンをご受講ください。詳細は、下記URLをご参照ください。\rhttp://s.alc.jp/EQM_TEST_manual\r\r☆ご受講されるコース別におすすめ活用法をご紹介いたします。\r下記URLをご参照いただき、レッスンを効果的にご受講ください。\rhttp://bit.ly/2bUHHX6\r----------------------------------------------\rこのメールは、配信専用のアドレスで配信されています。\rこのメールに返信されても、返信内容の確認およびご返答ができません。\rあらかじめご了承ください。\r\rレッスンご受講に関して、ご不明な点がございましたら\r以下までお問い合わせください。\r…………………………………………………………………………………\r【アルクオンライン英会話 お問い合わせ先】\rアルクオンライン英会話事務局（https://eikaiwa.alc.co.jp）\r○お問い合わせフォーム\rhttp://eikaiwa.alc.co.jp/user/contact\r○お電話：アルクオンライン英会話サポートセンター\r0570-200-465（ナビダイヤル）\r[受付時間：20時～24時（年中無休）]\r…………………………………………………………………………………\r講師一同、お会いできることを楽しみにしております。\r……………………………………………………………………\r株式会社アルク　\rアルクオンライン英会話事務局\reikaiwa-info@alc.co.jp\r……………………………………………………………………\r\r\r'),
(313,44,0,'【アルク オンライン英会話】ご継続分のコースお申し込みに関するご案内','#STUDENT_NAME#様\r\r日頃よりアルクオンライン英会話をご利用いただき、誠にありがとうございます。\rアルクオンライン英会話事務局です。\r\rこの度は、アルクオンライン英会話のご継続のお申込み、誠にありがとうござい\rます。\r\rご継続分のコースのお申し込みは、マイページの「コース購入」画面から、\r追加でお申込みいただくことができますので、お手数をおかけいたしますが、\rマイページにログイン後、お好きなコースをお申込みいただきますようお願い申\rし上げます。\r\r★☆★☆★★☆★☆★★☆★☆★★☆★☆★★☆★☆★★☆★☆★★☆★\rなお、システム上、追加お申込みの際に現在使用中のものと\r異なるパスワード・基本情報をご申告いただいた方は、今回\rの登録で変更する事ができません。\rお手数ではございますが、ご自身のマイページより行っていた\rだきますようお願いいたします。\r★☆★☆★★☆★☆★★☆★☆★★☆★☆★★☆★☆★★☆★☆★★☆★\r-----------------------------------------------------------------------\r＜ご受講に関する情報＞\r●ID：現在ご利用のメールアドレスまたは、過去に登録済みのメールアドレス\r\r●パスワード：現在ご利用のパスワードまたは、過去に登録済みのパスワード\r※パスワードがご不明な場合は、ログインサイト（下記URL）の\rパスワード入力欄の下部にある「パスワードを忘れた方はこちらから」の\r表記をクリックし、ID（メールアドレス）をご入力の上、再設定をお願いいたし\rます。\r\r●【法人会員専用「アルクオンライン英会話」ログイン】\rhttps://eikaiwa.alc.co.jp/user/enterprise_student_login\r\r●受講期間：コースご購入後、マイページにてご確認ください。\r\r●ユーザーマニュアル http://bit.ly/alc-user-manual\r→クリックいただくと、ユーザーマニュアルが開きます。\rご予約、ご変更、ご受講にあたって、ご一読ください。\r\r★法人様により、コースの修了条件が設定されている場合には、\rマイページの「修了状況・修了証」メニューより条件・修了証発行等ご確認ください。\rまた、通信講座とのセット商品コースの修了条件は、通常通信講座の課題全提出とオンライン英会話レッスン\rの80％以上の出席となります。（法人様により、別途修了条件が異なる場合がございますので念のため、貴社ご担当者様へご確認ください。）\r\r------------------------------------------------------------------------\rお手続きに関して、ご不明な点がございましたら 以下までお問い合わせください。\r\r株式会社アルク\rアルクオンライン英会話事務局\reikaiwa-info@alc.co.jp\r\r○アルクオンライン英会話サポートセンター\r0570-200-465（ナビダイヤル）\r[受付時間：20時～24時（年中無休）]\r…………………………………………………………………………………\r\rそれでは講師一同、お会いできることを楽しみにしております。\r\r………………………………………………………………………………\r 株式会社アルク\r アルクオンライン英会話事務局\r eikaiwa-info@alc.co.jp\r………………………………………………………………………………\r'),
(315,45,0,'【オンライン英会話】講師からのレッスンコメント','#STUDENT_NAME#様\r\rこの度は、「アルクオンライン英会話」レッスンをご受講いただきありがとうございました。\rアルクオンライン英会話事務局です。\r\r講師からのレッスン後のコメントが届いております。\rコメントは、マイページの「レッスン予約・履歴」の「詳細を見る」からもご覧いただけます。\r\rレッスン後の復習等にぜひご活用ください。\r\r★★★★★★★★★★★★★★★★★★★★★★★★★★★★★★★★★★★★★★★★★★★★★★★\r\r先生ニックネーム:　#TEACHER_NICKNAME#\r\rレッスン日:　#LESSON_DATE#\r\rレッスン時間:　#LESSON_TIME#\r\rレッスン名:　#LESSON_NAME#\r\rテキスト名:　#LESSON_TEXT_NAME#\r\rコメント：#TEACHER_COMMENT#\r\r点数：#MARKS#/100点\r\r★★★★★★★★★★★★★★★★★★★★★★★★★★★★★★★★★★★★★★★★★★★★★★★\r\rそれでは、講師一同、#STUDENT_NAME# 様の次回のレッスン受講を心よりお待ちしております。\r\r※このメールは、送信専用メールアドレスから配信されています。\rご返信いただいてもお答えできませんので、ご了承ください。\r\r∽∽∽∽∽∽∽∽∽∽∽∽∽∽∽∽∽∽∽∽∽∽∽∽∽\rみなさまからの貴重なご意見を募集中！\r\r★★★毎月抽選でレッスンをプレゼント★★★\r\rアルクオンライン英会話ご利用アンケートはこちら\rhttps://enquete.cc/q/alc_online\r∽∽∽∽∽∽∽∽∽∽∽∽∽∽∽∽∽∽∽∽∽∽∽∽∽\r………………………………………………………………………………………………………\r株式会社アルク\rアルクオンライン英会話事務局（https://eikaiwa.alc.co.jp）\rお問い合わせフォーム：https://eikaiwa.alc.co.jp/user/contact\r\r○アルクオンライン英会話サポートセンター\r0570-200-465（ナビダイヤル）\r[受付時間：20時～24時（年中無休）]\r………………………………………………………………………………………………………\r\r'),
(501,3,0,'【アルクオンライン日本語スクール】　無料体験レッスン仮申し込み完了','#STUDENT_NAME# 様\r\rこの度は、「アルクオンライン日本語スクール」無料体験レッスンをお申し込みいただき誠にありがとうございます。\rアルクオンライン日本語スクール事務局です。\r\r無料体験レッスンの仮申し込みが完了いたしました。\r\r下記のURLより本登録を完了してください。\r#CONFIRM_URL#\r\r上のURLにアクセスできない場合は下記アドレスをブラウザのアドレスバーへ貼りつけてください。\r<#CONFIRM_URL#>\r\r本申し込みが完了しましたら、レッスンの流れや予約方法、マイページの使用方法など、以下の「ユーザーマニュアル」よりご確認ください。\rhttp://goo.gl/iLXbcH\r\r何かご不明な点やご質問などございましたら、お気軽にお問い合わせください。\r\r講師一同、#STUDENT_NAME# 様のレッスン受講を心よりお待ちしております。\r\r………………………………………………………………………………………………………\r株式会社アルク\rアルクオンライン日本語スクール事務局\rお問い合わせフォーム：https://nihongo.alc.co.jp/user/contact\r………………………………………………………………………………………………………\r\r\r\r\r'),
(511,2,0,'【アルクオンライン日本語スクール】　レッスンキャンセル完了','#STUDENT_NAME#様\r\rいつも「アルクオンライン日本語スクール」をお利用いただきありがとうございます。\rアルクオンライン日本語スクール事務局です。\r\r下記レッスンをキャンセルいたしました。\rご確認ください。\r\r----------------------------------------------------------------------\rレッスン日：#LESSON_DATE#\rレッスン時間：#LESSON_TIME#\rレッスン名：#LESSON_NAME#\rレッスンテキスト名：#LESSON_TEXT_NAME#\r講師ニックネーム:　#TEACHER_NICKNAME#\r----------------------------------------------------------------------\r\r#STUDENT_NAME# 様のまたのご利用を講師一同心よりお待ちしております。\r\r………………………………………………………………………………………………………\r株式会社アルク\rアルクオンライン日本語スクール事務局\rお問い合わせフォーム：https://nihongo.alc.co.jp/user/contact\r………………………………………………………………………………………………………\r\r'),
(521,6,0,'【アルクオンライン日本語スクール】　パスワード変更通知','#STUDENT_NAME#様\r\rいつも「アルクオンライン日本語スクール」をご利用いただきありがとうございます。\rアルクオンライン日本語スクール事務局です。\r\rパスワードの変更が完了いたしました。\r\r本メールに心当たりがない方は恐れ入りますが破棄してください。\r\rよろしくお願いいたします。\r\r………………………………………………………………………………………………………\r株式会社アルク\rアルクオンライン日本語スクール事務局\rお問い合わせフォーム：https://nihongo.alc.co.jp/user/contact\r………………………………………………………………………………………………………\r\r\r'),
(531,7,0,'【アルクオンライン日本語スクール】　パスワードを変更します。','#STUDENT_NAME# 様\r\rいつも「アルクオンライン日本語スクール」をご利用いただきありがとうございます。\rアルクオンライン日本語スクール事務局です。\r\rパスワードの変更を下記のURLより行ってください。\r\r#CHANGEPASS_URL#\r\r変更されましたパスワードは、お忘れないようお控ください。\r\rよろしくお願いいたします。\r\r………………………………………………………………………………………………………\r株式会社アルク\rアルクオンライン日本語スクール事務局\rお問い合わせフォーム：https://nihongo.alc.co.jp/user/contact\r………………………………………………………………………………………………………'),
(541,8,0,'【アルク日本語サイト】 パスワード再設定','  #TEACHER_NAME#　様\r\r下記URLにアクセスしてパスワードを変更してください。\r\r#CHANGEPASS_URL#\r\r以上、よろしくお願いいたします。\r\r\r'),
(551,9,0,'【アルクオンライン日本語スクール】　パスワードを変更します。','#ADMIN_NAME# 様。\r\rアルクオンライン日本語スクール事務局です。\r\rパスワードの変更を下記のURLより行ってください。\r\r#CHANGEPASS_URL#\r\r変更されましたパスワードは、お忘れないようお控ください。\r\rよろしくお願いいたします。\r\r………………………………………………………………………………………………………\r株式会社アルク\rアルク オンライン日本語スクール事務局\rお問い合わせフォーム：https://nihongo.alc.co.jp/user/contact\r………………………………………………………………………………………………………'),
(561,10,0,'レッスンキャンセル（管理者からキャンセルー日本語用）','#STUDENT_NAME#様\r\rいつもご利用ありがとうございます。\r\r大変申し訳ございませんが、予約されておりました下記のレッスンが休講となりました。\r\r#LESSON_DATE#  #LESSON_TIME#\r#LESSON_NAME#\r#TEACHER_NICKNAME#\r\r他のレッスンを予約いただくようお願いいたします。\r\r………………………………………………………………………………………………………\r株式会社アルク\rアルクオンライン日本語スクール事務局\rお問い合わせフォーム：https://nihongo.alc.co.jp/user/contact\r………………………………………………………………………………………………………'),
(571,11,0,'【アルクオンライン日本語スクール】代講のお知らせ','#STUDENT_NAME#様\r\rいつもご利用ありがとうございます。\r\r申し訳ありませんが予約されておりました下記レッスンが代講となりました。\r#LESSON_DATE#  #LESSON_TIME#\r#LESSON_NAME#\r#TEACHER_NICKNAME#　⇒　#NEW_TEACHER_NICKNAME#\r\rご確認をお願いいたします\r'),
(581,0,0,'【アルクオンライン日本語スクール】レッスン予約完了(日本語用ー生徒向け)','#STUDENT_NAME#様\r\rこの度は、「アルクオンライン日本語スクール」レッスンのご予約ありがとうございます。\rアルクオンライン日本語スクール事務局です。\r\rご予約いただきました内容は、以下となります。\rご確認ください。\r\r--------------------------------------------------------------\rレッスン日：#LESSON_DATE#\rレッスン時間：#LESSON_TIME#\rレッスン名：#LESSON_NAME#\rレッスンテキスト名：#LESSON_TEXT_NAME#\r講師ニックネーム:　#TEACHER_NICKNAME#\r--------------------------------------------------------------\rキャンセルは、レッスン開始24時間前までとなります。\r\rそれでは、講師一同、#STUDENT_NAME# 様のレッスン受講を心よりお待ちしております。\r\r………………………………………………………………………………………………………\r株式会社アルク\rアルクオンライン日本語スクール事務局\rお問い合わせフォーム：https://nihongo.alc.co.jp/user/contact\r………………………………………………………………………………………………………\r\r\r'),
(591,12,0,'アルクオンライン日本語スクールを退会について','#STUDENT_NAME#様\r\rアルクオンライン日本語スクールをご使いいただきありがとうございます。\r\r退会の際は、下記URLよりお願いします。\r#CONFIRM_URL#\r\r以上、よろしくお願いします。'),
(601,1,30,'【アルクオンライン日本語スクール】　レッスン開始30分前','#STUDENT_NAME#様\r \rこの度は、「アルクオンライン日本語スクール」のご受講ありがとうございます。\r#STUDENT_NAME#様がご予約されました「アルクオンライン日本語スクール」レッスンまであと30分となりました。\rご予約の内容は、以下となります。今一度、ご確認ください。\r\r------------------------------------------------------------------------\rレッスン日：#LESSON_DATE#\rレッスン開始時間：#LESSON_TIME#\rレッスン名：#LESSON_NAME#\rレッスンテキスト名：#LESSON_TEXT_NAME#\r講師ニックネーム:　#TEACHER_NICKNAME#\r-------------------------------------------------------------------------\r\rレッスン5分前になりましたら、スカイプを起動して、講師からのスカイプコールをお待ちください。\rでは、レッスンで#STUDENT_NAME#様にお会い出来る事を楽しみにしております。\r\r………………………………………………………………………………………………………\r株式会社アルク\rアルクオンライン日本語スクール事務局\rお問い合わせフォーム：https://nihongo.alc.co.jp/user/contact\r………………………………………………………………………………………………………\r'),
(611,14,0,'【アルクオンライン日本語スクール】　コース購入完了','#STUDENT_NAME#様\rアルクオンライン日本語スクール事務局です。\r\rこの度は、「アルクオンライン日本語スクール」コースのご購入ありがとうございます。\r\r\rご購入いただきました内容は、以下となります。\rご確認ください。\r\r--------------------------------------------------------------\r\rオーダーID：#ORDER_ID#\r\rコースID：#COURSE_ID#\r\rコース名：#COURSE_NAME#\r\rコース料金：#COURSE_PRICE#　円\r\r(消費税)：#COURSE_TAX#　円\r\rお支払い金額：#COURSE_TOTAL#　円\r\r決済日時：#ORDER_DATE#\r\r有効期限：#EXPIRE_DATE#\r\r\r………………………………………………………………………………………………………\r株式会社アルク\rアルクオンライン日本語スクール事務局\rお問い合わせフォーム：https://nihongo.alc.co.jp/user/contact\r………………………………………………………………………………………………………\r\r'),
(621,16,0,'レッスンキャンセル通知',' #TEACHER_NAME#　先生\r\rあなたのレッスンがキャンセルされました。\r\r----------------------------------------------------------------------\r\rLesson Date：#LESSON_DATE#\r\rLesson Time：#LESSON_TIME#\r\rLesson Name：#LESSON_NAME#\r\rMaterial ：#LESSON_TEXT_NAME#\r\r----------------------------------------------------------------------\r\rこのメールは自動送信メールです。\r（このメールに返信しないでください）\r\r**************************************\rTeacher\'s Page URL\rhttps://nihongo-system.alc.co.jp/tutor.swf\r**************************************'),
(631,18,0,'レッスンキャンセル通知','#TEACHER_NAME# 先生\r\r以下のレッスンがキャンセルされました。\r\r----------------------------------------------------------------------\r\rLesson Date：#LESSON_DATE#\r\rLesson Time：#LESSON_TIME#\r\r----------------------------------------------------------------------\r\rこのメールは自動送信メールです。\r（このメールに返信しないでください）\r\r**************************************\rTeacher\'s Page URL\rhttps://nihongo-system.alc.co.jp/tutor.swf\r**************************************\r'),
(641,17,30,'レッスン30分前通知',' #TEACHER_NAME#　先生\r\r下記レッスンまで30分になりました。\r生徒名:　#STUDENT_NICKNAME#\rレッスン日:　#LESSON_DATE#\rレッスン時間:　#LESSON_TIME#\rレッスン名:　#LESSON_NAME#\rテキスト名:　#LESSON_TEXT_NAME#\r\rレッスンを準備をしてお待ちください。\r\rこのメールは自動送信メールです。\r（このメールに返信しないでください）\r\r**************************************\rTeacher\'s Page URL\rhttps://nihongo-system.alc.co.jp/tutor.swf\r**************************************'),
(651,15,0,'レッスン予約通知','#TEACHER_NAME#先生、こんにちは！\rあなたのレッスンが予約されました。\r\r------------------------------------------\r\r生徒名:　#STUDENT_NICKNAME#\r\rレッスン日:　#LESSON_DATE#\rレッスン時間:　#LESSON_TIME#\rレッスン名:　#LESSON_NAME#\rテキスト名:　#LESSON_TEXT_NAME#\r\r------------------------------------------\r\rこのメールは自動送信メールです。\r（このメールに返信しないでください）\r\r**************************************\rTeacher\'s Page URL\rhttps://nihongo-system.alc.co.jp/tutor.swf\r**************************************\r\r'),
(661,13,0,'【アルクオンライン日本語スクール】　新しいお問い合わせが来ました','#ADMIN_NAME#様\r\r\r\r新しいお問い合わせがありました。\r\rお問い合わせの内容は、以下となります。\r\r\r\r------------------------------------------------------------------------\r\rお問い合わせID：#INQUIRY_ID#\r\r日時：#INQUIRY_DATE#\r\rお問い合わせ件名：#INQUIRY_TITLE#\r\rお名前：#USER_TITLE#\r\rメールアドレス：#USER_EMAIL#\r\r問い合わせ内容：#INQUIRY_BODY#\r\r-------------------------------------------------------------------------\r\r\r\r……………………………………………………………………\r\r株式会社アルク　\rアルクオンライン日本語スクール事務局\rjpn_info@alc.co.jp\r\r……………………………………………………………………'),
(662,100,0,'Student Cancel lesson','#STUDENT_NAME# student lesson has been cancelled.'),
(663,101,0,'Teacher Cancel lesson','#TEACHER_NAME# teacher lesson has been cancelled.');

/*Data for the table `send_remind_mail_pattern_info` */

insert  into `send_remind_mail_pattern_info`(`send_remind_mail_pattern_info_id`,`send_remind_mail_pattern_id`,`mail_subject`,`mail_body`,`lang_type`) values 
(283,501,'【ALC Online Japanese School】Provisional application for Free Trial Lesson has completed.','Dear  #STUDENT_NAME# \r\rThis is ALC Online Japanese School\'s secretariat.\rThank you very much for your application for Free Trial Lesson.\r\rProvisional application for Free Trial Lesson has completed.\r\rPlease complete this application from the following URL.\r#CONFIRM_URL#\r\rIf you do not have access to the above URL, please paste the following address to your browser\'s address bar.\r<#CONFIRM_URL#>\r\r\rWhen application is complete, please check from the following \"User Manual\" about flow of lessons, reservation method, and such as how to use the My page.\rhttp://goo.gl/XC31Ex\r\rIf you have any unclear point or questions, please feel free to contact us.\r\rWe would love to have lessons of #STUDENT_NAME# with all our present teachers.\r\r\rThankyou\rBest regards\r………………………………………………………………………………………………………\rALC Co. Ltd.\rALC Online Japanese School\'s secretariat\rContact form：https://nihongo-en.alc.co.jp/user/contact\r………………………………………………………………………………………………………','en'),
(285,511,'【ALC Online Japanese School】 Lesson canceled','Dear  #STUDENT_NAME#\r\rThis is ALC Online Japanese School\'s secretariat\rWe are always thankful for using ALC Online Japanese School.\r\rThis is the information of canceled lesson\r\r----------------------------------------------------------------------\rLesson date：#LESSON_DATE#\rlesson time：#LESSON_TIME#\rLesson name：#LESSON_NAME#\rMaterial name：#LESSON_TEXT_NAME#\rTeacher nickname:　#TEACHER_NICKNAME#\r----------------------------------------------------------------------\r\rWe would love to have lessons of #STUDENT_NAME# with all our present teachers.\r\r………………………………………………………………………………………………………\rALC Co. Ltd.\rALC Online Japanese School\'s secretariat\rContact form：https://nihongo-en.alc.co.jp/user/contact\r………………………………………………………………………………………………………\r\r','en'),
(287,521,'【ALC Online Japanese School】 Notification of reset password','Dear  #STUDENT_NAME# \r\r\rALC Online Japanese School\'s secretariat\rWe are always thankful for using ALC Online Japanese School.\r\rReseting password has been completed.\r\r*This mail was generated automatically.  Please do not reply to this email.\r\rThankyou\rBest regards\r………………………………………………………………………………………………………\rALC Co. Ltd.\rALC Online Japanese School\'s secretariat\rContact form：https://nihongo-en.alc.co.jp/user/contact\r………………………………………………………………………………………………………\r\r\r','en'),
(289,531,'【ALC Online Japanese School】 Reset password','Dear  #STUDENT_NAME# \r\rWe are always thankful for using ALC Online Japanese School.\rThis is ALC Online Japanese School\'s secretariat\r\rYou are forgot the password。\r\rPlease access below url and reset your password again.\r\r#CHANGEPASS_URL#\r\rThankyou\rBest regards\r\r………………………………………………………………………………………………………\rALC Co. Ltd.\rALC Online Japanese School\'s secretariat\rContact form：https://nihongo-en.alc.co.jp/user/contact\r………………………………………………………………………………………………………','en'),
(291,541,'【Online Japanese School ALC】 Reset password','Dear  #TEACHER_NAME#\r\rYou are forgot the password。\r\rPlease access below url and reset your password again.\r\r#CHANGEPASS_URL#\r\rThankyou\rBest regards\r\r','en'),
(293,551,'【ALC Online Japanese School】　Change password','Dear #ADMIN_NAME# \r\rThank you for using ALC Online Japanese School.\rThis is ALC Online Japanese School\'s Secretariat.\r\rPlease access following URL to change the password:\r\r# CHANGEPASS_URL #\r\rPlease refrain that you do not forget password after changed it.\r\rThank you.\r………………………………………………………………………………………………………\rALC Ltd \rALC Online Japanese School\'s Secretariat\rContact Form: https://nihongo-en.alc.co.jp/user/contact\r………………………………………………………………………………………………………','en'),
(295,561,'Your lesson was canceled by Admin','Dear #STUDENT_NAME#\r\rWe are always thankful for your using.\r\rVery sorry about but the following reserved lessons was canceled.\r\r#LESSON_DATE#  #LESSON_TIME#\r#LESSON_NAME#\r#TEACHER_NICKNAME#\r\rCould you please booking other lesson.\r\r………………………………………………………………………………………………………\rALC Ltd \rALC Online Japanese School\'s Secretariat\rContact Form: https://nihongo-en.alc.co.jp/user/contact\r………………………………………………………………………………………………………','en'),
(297,571,'Notification of substitute teaching','Dear #STUDENT_NAME#\r\rI\'m always thankful for using ALC Online Japanese School\r\rWe are very sorry to notify that your reserved lesson has been substituted teaching.\r#LESSON_DATE#  #LESSON_TIME#\r#LESSON_NAME#\r#TEACHER_NICKNAME#　⇒　#NEW_TEACHER_NICKNAME#\r\rPlease confirm this.\r','en'),
(299,581,'[ALC Online Japanese School] Reservation lesson has completed!','Dear #STUDENT_NAME# \r\rWe are always thankful for your using.\rThis is ALC Online Japanese School\'s Secretariat.\r\rYour reserved lesson information as below\r\r--------------------------------------------------------------\rLesson date： #LESSON_DATE#\rLesson time： #LESSON_TIME#\rLesson name： #LESSON_NAME#\rMaterial name： #LESSON_TEXT_NAME#\rTeacher nickname:　#TEACHER_NICKNAME#\r--------------------------------------------------------------\r\rCancellation is avaiable in 24 hours before lesson start.\r\r………………………………………………………………………………………………………\rALC Ltd \rALC Online Japanese School\'s Secretariat\rContact Form: https://nihongo-en.alc.co.jp/user/contact\r………………………………………………………………………………………………………\r\r\r','en'),
(301,591,'About withdraw from ALC Online Japanese School','Dear #STUDENT_NAME#\r\rThank you for your using ALC Online Japanese School.\rTo process the withdrawal, please following below URL.\r# CONFIRM_URL #\r\rThank you.\rKind regards.','en'),
(303,601,'【ALC Online Japanese School】30 minutes before your lesson','Dear  #STUDENT_NAME#\r\rWe are always thankful for using ALC Online Japanese School. \rWe notify that #STUDENT_NAME# \'s reserved lesson will be started in 30 minutes after. \rAnd here is lesson information\r\r------------------------------------------------------------------------\rLesson date：#LESSON_DATE#\rlesson start time：#LESSON_TIME#\rLesson name：#LESSON_NAME#\rMaterial：#LESSON_TEXT_NAME#\rTeacher nickname:　#TEACHER_NICKNAME#\r-------------------------------------------------------------------------\r\rPlease start your skype before 5 minutes than lesson starttime and waitting for teacher\'s call.\rSo, we have to look forward to seeing #STUDENT_NAME# in the lesson.\r\rThankyou\rBest regards\r\r………………………………………………………………………………………………………\rALC Co. Ltd.\rALC Online Japanese School\'s secretariat\rContact form：https://nihongo-en.alc.co.jp/user/contact\r………………………………………………………………………………………………………','en'),
(305,611,'【ALC Online Japanese School】 Course purchase completion','Dear  #STUDENT_NAME#\r\r\rThis is ALC Online Japanese School\'s secretariat.\rThank you very much for your purchase of ALC Online Japanese School\'s course.\r\rHere is your purchased course information:\r--------------------------------------------------------------\r\rORDER ID：#ORDER_ID#\r\rCourse ID：#COURSE_ID#\r\rCourse name：#COURSE_NAME#\r\rCourse fee：#COURSE_PRICE#　円\r\r(Consumption tax)：#COURSE_TAX#　円\r\rPayment amount：#COURSE_TOTAL#　円\r\r\rSettlement time：#ORDER_DATE#\r\rExpire date：#EXPIRE_DATE#\r\r\r………………………………………………………………………………………………………\rALC Co. Ltd.\rALC Online Japanese School\'s secretariat\rContact form：https://nihongo-en.alc.co.jp/user/contact\r………………………………………………………………………………………………………\r\r','en'),
(307,621,'レッスンキャンセル通知',' #TEACHER_NAME#さん\r\rあなたのレッスンがキャンセルされました\r\r----------------------------------------------------------------------\r\rレッスン日：#LESSON_DATE#\r\rレッスン時間：#LESSON_TIME#\r\rレッスン名：#LESSON_NAME#\r\rテキスト名 ：#LESSON_TEXT_NAME#\r\r----------------------------------------------------------------------\r\rこのメールは自動で送信されています。返信しないでください。\r\r**************************************\rTeacher\'s Page URL\rhttps://nihongo-system.alc.co.jp/tutor.swf\r**************************************','en'),
(309,631,'レッスンキャンセル通知',' #TEACHER_NAME# 先生\r\r以下のレッスンがキャンセルされました。\r\r----------------------------------------------------------------------\r\rLesson Date：#LESSON_DATE#\r\rLesson Time：#LESSON_TIME#\r\r----------------------------------------------------------------------\r\rこのメールは自動送信メールです。\r（このメールに返信しないでください）\r\r**************************************\rTeacher\'s Page URL\rhttps://nihongo-system.alc.co.jp/tutor.swf\r**************************************\r','en'),
(311,641,'レッスン30分前通知',' #TEACHER_NAME# 先生\r\r下記レッスンまで30分になりました。\r生徒名:　#STUDENT_NICKNAME#\rレッスン日:　#LESSON_DATE#\rレッスン時間:　#LESSON_TIME#\rレッスン名:　#LESSON_NAME#\rテキスト名:　#LESSON_TEXT_NAME#\r\rこのメールは自動送信メールです。\r（このメールに返信しないでください）\r\r**************************************\rTeacher\'s Page URL\rhttps://nihongo-system.alc.co.jp/tutor.swf\r**************************************','en'),
(313,651,'レッスン予約通知',' #TEACHER_NAME# 先生\r\rあなたのレッスンが予約されました。\r\rStudent nickname:　#STUDENT_NICKNAME#\r\rレッスン日:　#LESSON_DATE#\rレッスン時間:　#LESSON_TIME#\rレッスン名:　#LESSON_NAME#\rテキスト名:　#LESSON_TEXT_NAME#\r\rこのメールは自動送信メールです。\r（このメールに返信しないでください）\r\r**************************************\rTeacher\'s Page URL\rhttps://nihongo-system.alc.co.jp/tutor.swf\r**************************************\r\r','en'),
(315,661,'【アルクオンライン日本語スクール】　新しいお問い合わせが来ました','#ADMIN_NAME#様\r\r\r\r新しいお問い合わせがありました。\r\rお問い合わせの内容は、以下となります。\r\r\r\r------------------------------------------------------------------------\r\rお問い合わせID：#INQUIRY_ID#\r\r日時：#INQUIRY_DATE#\r\rお問い合わせ件名：#INQUIRY_TITLE#\r\rお名前：#USER_TITLE#\r\rメールアドレス：#USER_EMAIL#\r\r問い合わせ内容：#INQUIRY_BODY#\r\r-------------------------------------------------------------------------\r\r\r\rアルクオンライン日本語スクール事務局\r\r……………………………………………………………………\r\r株式会社アルク　\rアルク オンライン日本語スクール事務局\r\rjpn_info@alc.co.jp\r\r……………………………………………………………………','en'),
(317,501,'【Học tiếng nhật trực tuyến ALC】　　Đăng ký tạm đã hoàn thành','#STUDENT_NAME# thân mến\r\rChúng tôi xin chân thành cảm ơn bạn đã đăng ký tài khoản sử dụng hệ thống học tiếng nhật trực tuyến của chúng tôi.\r\rViệc đăng ký tài khoản tạm đã hoàn thành.\r\rXin vui lòng kích hoạt tài khoản của bạn thông qua đường dẫn dưới đây.\r#CONFIRM_URL#\r\rTrường hợp bạn không truy cập vào được đường dẫn trên, xin vui lòng copy và dán đường dẫn dưới đây lên trình duyệt và nhấn phím enter.\r<#CONFIRM_URL#>\r\rSau khi đã kích hoạt tài khoản xong, xin hãy truy cập vào đường dẫn dưới đây để xem cách sử dụng hệ thống.\rhttp://goo.gl/G0qgvV\r\rNếu có bất kỳ sự khó hiểu hoặc câu hỏi gì xin hãy vui lòng liên hệ với chúng tôi thông qua mẫu liên hệ.\r\rChúng tôi rất mong có được những bài học giữa #STUDENT_NAME# và giáo viên của chúng tôi.\r\r………………………………………………………………………………………………………\rCông ty cổ phần ALC\rBan thư ký trang học tiếng nhật trực tuyến ALC\rMẫu liên lạc ：https://nihongo-vn.alc.co.jp/user/contact\r………………………………………………………………………………………………………\r\r\r\r\r','vn'),
(319,511,'【Học tiếng nhật trực tuyến ALC】 Huỷ bỏ đăng ký bài học đã hoàn thành','#STUDENT_NAME# thân mến\r\rĐầu tiên chúng tôi xin chân thành cảm ơn bạn đã sử dụng hệ thống học tiếng nhật trực tuyến của chúng tôi.\r\r\rThông tin về bài học huỷ bỏ như sau:\r----------------------------------------------------------------------\rNgày học： #LESSON_DATE#\rGiờ học： #LESSON_TIME#\rTên bài học： #LESSON_NAME#\rTên tài liệu：#LESSON_TEXT_NAME#\rGiáo viên:　#TEACHER_NICKNAME#\r----------------------------------------------------------------------\r\rMong hẹn gặp lại #STUDENT_NAME# trong những bài học tới cùng với hệ thống giáo viên của chúng tôi.\r\rXin chân thành cảm ơn.\r………………………………………………………………………………………………………\rCông ty cổ phần ALC\rBan thư ký trang học tiếng nhật trực tuyến ALC\rMẫu liên lạc ：https://nihongo-vn.alc.co.jp/user/contact\r………………………………………………………………………………………………………\r','vn'),
(321,521,'【Học tiếng nhật trực tuyến ALC】　Thông báo đã thay đổi mật khẩu','#STUDENT_NAME# thân mến\r\rĐầu tiên chúng tôi xin chân thành cảm ơn bạn đã sử dụng hệ thống học tiếng nhật trực tuyến của chúng tôi.\r\rViệc thay đổi mật khẩu của bạn đã được hoàn thành.\r\r\rXin cảm ơn.\r………………………………………………………………………………………………………\rCông ty cổ phần ALC\rBan thư ký trang học tiếng nhật trực tuyến ALC\rMẫu liên lạc ：https://nihongo-vn.alc.co.jp/user/contact\r………………………………………………………………………………………………………\r','vn'),
(323,531,'【Học tiếng nhật trực tuyến ALC】　Thay đổi mật khẩu','#STUDENT_NAME# thân mến\r\rĐầu tiên chúng tôi xin chân thành cảm ơn bạn đã sử dụng hệ thống học tiếng nhật trực tuyến của chúng tôi.\r\rĐể thay đổi mật khẩu, xin hãy truy cập vào đường dẫn dưới đây:\r\r#CHANGEPASS_URL#\r\rXin chân thành cảm ơn.\r………………………………………………………………………………………………………\rCông ty cổ phần ALC\rBan thư ký trang học tiếng nhật trực tuyến ALC\rMẫu liên lạc ：https://nihongo-vn.alc.co.jp/user/contact\r………………………………………………………………………………………………………','vn'),
(325,541,'【Học tiếng nhật trực tuyến ALC】 Thay đổi mật khẩu','Xin chào #TEACHER_NAME#\r\rĐể thay đổi mật khẩu, xin hãy truy cập vào đường dẫn dưới đây:\r\r#CHANGEPASS_URL#\r\rXin chân thành cảm ơn.\r\r','vn'),
(327,551,'【アルクオンライン日本語スクール】　パスワードを変更します。','##ADMIN_NAME# 様。\r\rこの度は、「アルクオンライン日本語スクール」のご受講ありがとうございます。\rアルクオンライン日本語スクール事務局です。\r\rパスワードの変更を下記のURLより行ってください。\r\r#CHANGEPASS_URL#\r\r変更されましたパスワードは、お忘れないようお控ください。\r\rよろしくお願いいたします。\r\r………………………………………………………………………………………………………\r株式会社アルク\rアルク オンライン日本語スクール事務局\rお問い合わせフォーム：https://nihongo-vn.alc.co.jp/user/contact\r………………………………………………………………………………………………………','vn'),
(329,561,'Huỷ bài học','#STUDENT_NAME# thân mến\r\rChúng tôi rất tiếc và rất xin lỗi bạn vì bài học mà bạn đã đăng ký đã bị huỷ bỏ.\r\r#LESSON_DATE#  #LESSON_TIME#\r#LESSON_NAME#\r#TEACHER_NICKNAME#\r\rXin vui lòng hãy đăng ký 1 bài học khác.\r\r………………………………………………………………………………………………………\rCông ty cổ phần ALC\rBộ phận thư ký trang học tiếng nhật trực tuyến ALC \rMẫu liên lạc: https://nihongo-vn.alc.co.jp/user/contact\r………………………………………………………………………………………………………','vn'),
(331,571,'Thông báo về thay đổi giáo viên','#STUDENT_NAME# thân mến\r\rChúng tôi rất xin lỗi vì bài học mà bạn đã đăng ký dưới đây đã thay đổi giáo viên giảng dạy:\r\r#LESSON_DATE#  #LESSON_TIME#\r#LESSON_NAME#\r#TEACHER_NICKNAME#　⇒　#NEW_TEACHER_NICKNAME#\r\rXin hãy vui lòng kiểm tra lại thông tin bài học.\r\rChân thành cảm ơn.\r','vn'),
(333,581,'【Học tiếng nhật trực tuyến ALC】 Đăng ký bài học đã hoàn thành','#STUDENT_NAME# thân mến\r\rĐầu tiên chúng tôi xin chân thành cảm ơn bạn đã sử dụng hệ thống học tiếng nhật trực tuyến của chúng tôi.\r\r\rNội dung thông tin của bài học mà #STUDENT_NAME# đã đăng ký như sau:\r--------------------------------------------------------------\rNgày học ：#LESSON_DATE#\rGiờ học ：#LESSON_TIME#\rTên bài học：#LESSON_NAME#\rTên tài liệu：#LESSON_TEXT_NAME#\rGiáo viên:　#TEACHER_NICKNAME#\r--------------------------------------------------------------\rChúng tôi xin lưu ý rằng việc huỷ bỏ đăng ký bài phải thực hiện trước 24 tiếng đồng hồ khi bài học bắt đầu. \r\rXin chúc cho #STUDENT_NAME#  sẽ có 1 bài học thật vui vẻ và hiệu quả với hệ thống giáo viên của chúng tôi.\r\rXin chân thành cảm ơn.\r………………………………………………………………………………………………………\rCông ty cổ phần ALC\rBan thư ký trang học tiếng nhật trực tuyến ALC\rMẫu liên lạc ：https://nihongo-vn.alc.co.jp/user/contact\r………………………………………………………………………………………………………\r\r\r','vn'),
(335,591,'Hủy tài khoản sử dụng hệ thống Học tiếng anh trực tuyến ALC','#STUDENT_NAME# Thân mến\r\rXin chân thành cảm ơn đã sử dụng hệ thống của chúng tôi.\r\rĐể hủy tài khoản sử dụng hệ thống, hãy tiến hành theo đường dẫn dưới đây: \r#CONFIRM_URL#\r\rXin chân thành cảm ơn.','vn'),
(337,601,'【Học tiếng nhật trực tuyến ALC】 Thông báo còn 30 phút nữa giờ học bắt đầu','#STUDENT_NAME# thân mến\r \rĐầu tiên chúng tôi xin chân thành cảm ơn bạn đã sử dụng hệ thống học tiếng nhật trực tuyến của chúng tôi.\r\rBài học mà #STUDENT_NAME# đã đang ký chì còn 30 phút nữa là sẽ được bắt đầu, dưới đây là thông tin về bài học săp bắt đầu, xin bạn hãy kiểm tra lại 1 lần nữa:\r\r------------------------------------------------------------------------\rNgày học：#LESSON_DATE#\rThời gian bắt đầu ：#LESSON_TIME#\rTên bài học：#LESSON_NAME#\rTên tài liệu：#LESSON_TEXT_NAME#\rGiáo viên:　#TEACHER_NICKNAME#\r-------------------------------------------------------------------------\r\rTrước khi bắt đầu học 5 phút, xin bạn hãy vui lòng đăng nhập sẵn vào skype và đợi cuộc gọi từ giáo viên của chúng tôi.\rNào và bay giờ xin chúc #STUDENT_NAME# sẽ có 1 bài học thật vui vẻ và hiệu quả với giáo viên của chúng tôi.\r\rXin chân thành cảm ơn.\r………………………………………………………………………………………………………\rCông ty cổ phần ALC\rBan thư ký trang học tiếng nhật trực tuyến ALC\rMẫu liên lạc ：https://nihongo-vn.alc.co.jp/user/contact\r………………………………………………………………………………………………………','vn'),
(339,611,'【Học tiếng nhật trực tuyến ALC】　Mua khóa học đã hoàn thành','#STUDENT_NAME# thân mến\r\rĐầu tiên chúng tôi xin chân thành cảm ơn bạn đã sử dụng hệ thống học tiếng nhật trực tuyến và mua khóa học của chúng tôi.\r\rThông tin về khóa học mà #STUDENT_NAME#  đã mua như sau:\r\r--------------------------------------------------------------\r\rMã số đặt hàng：#ORDER_ID#\r\rMã số khoá học ：#COURSE_ID#\r\rTên khoá học ：#COURSE_NAME#\r\rLệ phí khóa học ：#COURSE_PRICE#　円\r\r(Thuế)：#COURSE_TAX#　円\r\rTổng tiền thanh toán：#COURSE_TOTAL#　円\r\rNgày giờ thanh toán：#ORDER_DATE#\r\rThời hạn sử dụng khoá học：#EXPIRE_DATE#\r\r\rXin chân thành cảm ơn.\r………………………………………………………………………………………………………\rCông ty cổ phần ALC\rBan thư ký trang học tiếng nhật trực tuyến ALC\rMẫu liên lạc ：https://nihongo-vn.alc.co.jp/user/contact\r………………………………………………………………………………………………………','vn'),
(341,621,'レッスンキャンセル通知',' #TEACHER_NAME# 先生\r\r以下のレッスンがキャンセルされました。\r\r----------------------------------------------------------------------\r\rレッスン日：#LESSON_DATE#\r\rレッスン時間：#LESSON_TIME#\r\rレッスン名：#LESSON_NAME#\r\rテキスト名 ：#LESSON_TEXT_NAME#\r\r----------------------------------------------------------------------\r\rこのメールは自動送信メールです。\r（このメールに返信しないでください）\r\r**************************************\rTeacher\'s Page URL\rhttps://nihongo-system.alc.co.jp/tutor.swf\r**************************************','vn'),
(343,631,'レッスンキャンセル通知','#TEACHER_NAME# 先生\r\r下記のレッスンがキャンセルされました。\r\r----------------------------------------------------------------------\r\rレッスン日：#LESSON_DATE#\r\rレッスン時間：#LESSON_TIME#\r\r----------------------------------------------------------------------\r\rこのメールは自動送信メールです。\r（このメールに返信しないでください）\r\r\r**************************************\rTeacher\'s Page URL\rhttps://nihongo-system.alc.co.jp/tutor.swf\r**************************************\r','vn'),
(345,641,'レッスン30分前通知',' #TEACHER_NAME# 先生\r\r下記レッスンまで30分となりました。\r生徒名:　#STUDENT_NICKNAME#\rレッスン日:　#LESSON_DATE#\rレッスン時間:　#LESSON_TIME#\rレッスン名:　#LESSON_NAME#\rテキスト名:　#LESSON_TEXT_NAME#\r\rこのメールは自動送信メールです。\r（このメールに返信しないでください）\r\r**************************************\rTeacher\'s Page URL\rhttps://nihongo-system.alc.co.jp/tutor.swf\r**************************************','vn'),
(347,651,'レッスン予約通知',' #TEACHER_NAME# 先生\r\rあなたのレッスンが予約されました。\r\r生徒名:　#STUDENT_NICKNAME#\r\rレッスン日:　#LESSON_DATE#\rレッスン時間:　#LESSON_TIME#\rレッスン名:　#LESSON_NAME#\rテキスト名:　#LESSON_TEXT_NAME#\r\rこのメールは自動送信メール。\r（このメールに返信しないでください）\r\r**************************************\rTeacher\'s Page URL\rhttps://nihongo-system.alc.co.jp/tutor.swf\r**************************************\r\r','vn'),
(349,661,'【アルクオンライン日本語スクール】　新しいお問い合わせが来ました','#ADMIN_NAME#様\r\r\r\r新しいお問い合わせがありました。\r\rお問い合わせの内容は、以下となります。\r\r\r\r------------------------------------------------------------------------\r\rお問い合わせID：#INQUIRY_ID#\r\r日時：#INQUIRY_DATE#\r\rお問い合わせ件名：#INQUIRY_TITLE#\r\rお名前：#USER_TITLE#\r\rメールアドレス：#USER_EMAIL#\r\r問い合わせ内容：#INQUIRY_BODY#\r\r-------------------------------------------------------------------------\r\r\r\rアルクオンライン日本語スクール事務局\r\r……………………………………………………………………\r\r株式会社アルク　\r\rアルクオンライン日本語スクール事務局\r\rjpn_info@alc.co.jp\r\r……………………………………………………………………','vn'),
(350,662,'Student Cancel Lesson','#STUDENT_NAME# student lesson has been cancelled.','en'),
(351,663,'Teacher Cancel Lesson','#TEACHER_NAME# teacher lesson has been cancelled.','en');

/*Data for the table `send_remind_mail_timing` */

insert  into `send_remind_mail_timing`(`send_remind_mail_timing_type`,`send_remind_mail_timing_type_name`) values 
(0,'【固定】レッスン予約後（生徒用）'),
(1,'【任意】レッスン開始前（生徒用）'),
(2,'【固定】レッスンキャンセル後（生徒用）'),
(3,'【固定】一般会員　無料登録後'),
(6,'【固定】生徒用パスワード変更後'),
(7,'【固定】生徒用パスワード忘れた場合'),
(8,'【固定】先生用パスワードを忘れた場合'),
(9,'【固定】管理者用パスワードを忘れた場合'),
(10,'【固定】管理者がレッスンをキャンセルした場合（生徒用）'),
(11,'【固定】管理者がレッスンを代講に設定した場合'),
(12,'【固定】退会生徒に返信'),
(13,'【固定】ユーザー問い合わせ時'),
(14,'【固定】一般会員　コース購入完了'),
(15,'【固定】レッスン予約後（講師用）'),
(16,'【固定】レッスンキャンセル後（講師用）'),
(17,'【任意】レッスン開始前（講師用）'),
(18,'【固定】管理者がレッスンをキャンセルした場合（講師用）'),
(20,'【固定】LMSユーザーパスワード再設定メール'),
(21,'【固定】法人会員　会員登録後'),
(22,'【固定】法人会員　コース購入完了(法人請求)'),
(23,'【固定】法人会員　コース購入完了（個人請求・カード支払）'),
(24,'【固定】法人会員　コース購入完了（個人請求・コンビニ決済申込）'),
(25,'【固定】法人会員　コンビニ支払完了'),
(26,'【固定】法人会員　コンビニ支払エラー'),
(27,'【固定】一括登録　一般会員　新規登録'),
(28,'【固定】一括登録　一般会員　更新登録'),
(29,'【固定】一括登録　法人会員　新規登録　ユーザー登録のみ　（個人請求）'),
(30,'【固定】一括登録　法人会員　新規登録　ユーザー登録＋コース購入'),
(31,'【固定】一括登録　法人会員　更新登録'),
(32,'【固定】一括登録　法人会員　新規登録　ユーザー登録のみ　（法人請求）'),
(33,'【固定】講師コメント登録時メール(テストなし)'),
(34,'【固定】人事担当者宛のメール送付'),
(35,'【固定】一般会員　セットコース購入完了'),
(36,'【固定】法人会員　セットコース購入完了(法人請求)'),
(37,'【固定】法人会員　セットコース購入完了（個人請求・カード支払）'),
(38,'【固定】法人会員　セットコース購入完了（個人請求・コンビニ決済申込）'),
(39,'【固定】法人会員　コンビニ支払完了(セットコース)'),
(40,'【固定】一括登録　一般会員　新規登録 (セットコース)'),
(41,'【固定】一括登録　一般会員　更新登録　（セットコース）'),
(42,'【固定】一括登録　法人会員　新規登録　ユーザー登録＋コース購入　（セットコース）'),
(43,'【固定】一括登録　法人会員　更新登録 （セットコース）'),
(44,'【固定】一括登録　法人会員　継続メール（個人決済）'),
(45,'【固定】講師コメント登録時メール（テスト有）'),
(100,'Student Cancel Lesson'),
(101,'Teacher Cancel Lesson');
