

insert  into `send_remind_mail_pattern`(`send_remind_mail_pattern_id`,`send_remind_mail_timing_type`,`timing_minutes`,`mail_subject`,`mail_body`) values 
(100,22,0,'【わたしば】コース購入完了','#STUDENT_NAME#様\r\n\r\nこの度は、「わたしば」のご受講ありがとうございます。\r\n\r\nコース申込が完了しました。\r\nお申し込みの内容は、以下となります。\r\n\r\n------------------------------------------------------------------------\r\nコース名：#COURSE_NAME#\r\n受講回数：#COURSE_COUNT#\r\n-------------------------------------------------------------------------\r\n\r\n学習者マイページへログインしてコース内容をご確認下さい。\r\nマイページログインリンク\r\n\r\nなお、レッスンはzoomで実施致しますので、zoomアプリをインストールしていない方は、ご利用端末に事前にインストールしてお待ちください。\r\nzoomの利用方法案内リンクなど\r\n\r\n※このメールは、送信専用メールアドレスから配信されています。\r\nご返信いただいてもお答えできませんので、ご了承ください。\r\n\r\n………………………………………………………………………………………………………\r\n連絡先\r\n\r\n………………………………………………………………………………………………………'),
(131,27,0,'【わたしば】無料登録完了','#STUDENT_NAME#様\r\n\r\nこの度は、「わたしば」のご登録ありがとうございます。\r\n\r\n会員登録されますと無料体験レッスンが受講できます。\r\n学習者マイページへログインして無料体験レッスンをご予約下さい。\r\nマイページログインリンク\r\n\r\nなお、レッスンはzoomで実施致しますので、zoomアプリをインストールしていない方は、ご利用端末に事前にインストールしてお待ちください。\r\nzoomの利用方法案内リンクなど\r\n\r\n※このメールは、送信専用メールアドレスから配信されています。\r\nご返信いただいてもお答えできませんので、ご了承ください。\r\n\r\n………………………………………………………………………………………………………\r\n連絡先\r\n\r\n………………………………………………………………………………………………………'),
(171,32,0,'【わたしば】無料登録完了','#STUDENT_NAME#様\r\n\r\nこの度は、「わたしば」のご登録ありがとうございます。\r\nパスワードをご連絡します。\r\n\r\n------------------------------------------------------------------------\r\nパスワード：#STUDENT_PASSWORD#\r\n-------------------------------------------------------------------------\r\n\r\n学習者マイページへログインして登録内容をご確認ください。\r\nマイページログインリンク\r\n\r\nなお、レッスンはzoomで実施致しますので、zoomアプリをインストールしていない方は、ご利用端末に事前にインストールしてお待ちください。\r\nzoomの利用方法案内リンクなど\r\n\r\n※このメールは、送信専用メールアドレスから配信されています。\r\nご返信いただいてもお答えできませんので、ご了承ください。\r\n\r\n………………………………………………………………………………………………………\r\n連絡先\r\n\r\n………………………………………………………………………………………………………'),
(211,33,0,'【わたしば】講師からコメントが届きました','#STUDENT_NAME#様\r\n\r\nこの度は、「わたしば」のご受講ありがとうございます。\r\n#STUDENT_NAME#様がご受講されましたレッスンに講師からのコメントが届きました。\r\nご受講されたレッスンの内容は、以下となります。\r\n\r\n------------------------------------------------------------------------\r\nレッスン日：#LESSON_DATE#\r\nレッスン開始時間：#LESSON_TIME#\r\nレッスン名：#LESSON_NAME#\r\nレッスンテキスト名：#LESSON_TEXT_NAME#\r\n講師ニックネーム:　#TEACHER_NICKNAME#\r\n-------------------------------------------------------------------------\r\n\r\nコメントは学習者マイページにログインしてご確認ください。\r\nマイページログインリンク\r\n\r\n※このメールは、送信専用メールアドレスから配信されています。\r\nご返信いただいてもお答えできませんので、ご了承ください。\r\n\r\n………………………………………………………………………………………………………\r\n連絡先\r\n\r\n………………………………………………………………………………………………………'),
(281,40,0,'登録完了のご連絡','#STUDENT_NAME# 様'),
(315,45,0,'【わたしば】講師からコメントが届きました','#STUDENT_NAME#様\r\n\r\nこの度は、「わたしば」のご受講ありがとうございます。\r\n#STUDENT_NAME#様がご受講されましたレッスンに講師からのコメントが届きました。\r\nご受講されたレッスンの内容は、以下となります。\r\n\r\n------------------------------------------------------------------------\r\nレッスン日：#LESSON_DATE#\r\nレッスン開始時間：#LESSON_TIME#\r\nレッスン名：#LESSON_NAME#\r\nレッスンテキスト名：#LESSON_TEXT_NAME#\r\n講師ニックネーム:　#TEACHER_NICKNAME#\r\n-------------------------------------------------------------------------\r\n\r\nコメントは学習者マイページにログインしてご確認ください。\r\nマイページログインリンク\r\n\r\n※このメールは、送信専用メールアドレスから配信されています。\r\nご返信いただいてもお答えできませんので、ご了承ください。\r\n\r\n………………………………………………………………………………………………………\r\n連絡先\r\n\r\n………………………………………………………………………………………………………'),
(501,3,0,'【わたしば】無料登録完了','#STUDENT_NAME#様\r\n\r\nこの度は、「わたしば」のご登録ありがとうございます。\r\n\r\n会員登録されますと無料体験レッスンが受講できます。\r\n学習者マイページへログインして無料体験レッスンをご予約下さい。\r\nマイページログインリンク\r\n\r\nなお、レッスンはzoomで実施致しますので、zoomアプリをインストールしていない方は、ご利用端末に事前にインストールしてお待ちください。\r\nzoomの利用方法案内リンクなど\r\n\r\n※このメールは、送信専用メールアドレスから配信されています。\r\nご返信いただいてもお答えできませんので、ご了承ください。\r\n\r\n………………………………………………………………………………………………………\r\n連絡先\r\n\r\n………………………………………………………………………………………………………'),
(511,2,0,'【わたしば】レッスンキャンセル完了','#STUDENT_NAME#様\r\n\r\nいつも「わたしば」をご利用いただきありがとうございます。\r\n下記レッスンのキャンセル依頼を承りました。\r\n----------------------------------------------------------------------\r\nレッスン日：#LESSON_DATE#\r\nレッスン時間：#LESSON_TIME#\r\nレッスン名：#LESSON_NAME#\r\nレッスンテキスト名：#LESSON_TEXT_NAME#\r\n講師ニックネーム:　#TEACHER_NICKNAME#\r\n----------------------------------------------------------------------\r\n\r\n#STUDENT_NAME# 様のまたのご利用を講師一同心よりお待ちしております。\r\n\r\n※このメールは、送信専用メールアドレスから配信されています。\r\nご返信いただいてもお答えできませんので、ご了承ください。\r\n\r\n………………………………………………………………………………………………………\r\n連絡先\r\n\r\n………………………………………………………………………………………………………'),
(521,6,0,'【わたしば】パスワード変更','#STUDENT_NAME#様\r\n\r\nいつも「わたしば」をご利用いただきありがとうございます。\r\nログインパスワードが変更されました。\r\nセキュリティのため、本メールにはパスワードを記載しません。\r\n\r\nログインID（メールアドレス）：#STUDENT_MAIL#\r\n\r\nマイページログインリンク\r\n\r\nこのメール内容に心当たりのない場合は、お手数ですが破棄していただけますようお願い致します。\r\n\r\n※このメールは、送信専用メールアドレスから配信されています。\r\nご返信いただいてもお答えできませんので、ご了承ください。\r\n\r\n………………………………………………………………………………………………………\r\n連絡先\r\n\r\n………………………………………………………………………………………………………'),
(531,7,0,'【わたしば】パスワード再発行','パスワードの再発行を受け付けました。\r\n下記URLにアクセスし、新しいパスワードを設定してください。\r\n\r\n#CHANGEPASS_URL#\r\n\r\nこのメール内容に心当たりのない場合は、お手数ですが破棄していただけますようお願い致します。\r\n\r\n※このメールは、送信専用メールアドレスから配信されています。\r\nご返信いただいてもお答えできませんので、ご了承ください。\r\n\r\n………………………………………………………………………………………………………\r\n連絡先\r\n\r\n………………………………………………………………………………………………………'),
(541,8,0,'【わたしば】パスワード再発行','パスワードの再発行を受け付けました。\r\n下記URLにアクセスし、新しいパスワードを設定してください。\r\n\r\nパスワード再発行ページURL#CHANGEPASS_URL#\r\n\r\nこのメール内容に心当たりのない場合は、お手数ですが破棄していただけますようお願い致します。\r\n\r\n※このメールは、送信専用メールアドレスから配信されています。\r\nご返信いただいてもお答えできませんので、ご了承ください。\r\n\r\n………………………………………………………………………………………………………\r\n連絡先\r\n\r\n………………………………………………………………………………………………………'),
(551,9,0,'【わたしば】パスワード再発行','パスワードの再発行を受け付けました。\r\n下記URLにアクセスし、新しいパスワードを設定してください。\r\n\r\nパスワード再発行ページURL\r\n\r\nこのメール内容に心当たりのない場合は、お手数ですが破棄していただけますようお願い致します。\r\n\r\n※このメールは、送信専用メールアドレスから配信されています。\r\nご返信いただいてもお答えできませんので、ご了承ください。\r\n\r\n………………………………………………………………………………………………………\r\n連絡先\r\n\r\n………………………………………………………………………………………………………'),
(571,11,0,'【わたしば】レッスン担当講師変更について','#STUDENT_NAME#様\r\n\r\nこの度は、「わたしば」のご受講ありがとうございます。\r\n\r\n大変恐れ入りますが、以下のレッスンは当初担当予定の講師ではなく、別の講師が担当する代講レッスンとなります。\r\n\r\n------------------------------------------------------------------------\r\nレッスン日：#LESSON_DATE#\r\nレッスン開始時間：#LESSON_TIME#\r\nレッスン名：#LESSON_NAME#\r\nレッスンテキスト名：#LESSON_TEXT_NAME#\r\n代講講師ニックネーム:　#TEACHER_NICKNAME#\r\n-------------------------------------------------------------------------\r\n\r\n変更後のレッスンの詳細はマイページからご確認ください。\r\nマイページログインリンク\r\n\r\n※このメールは、送信専用メールアドレスから配信されています。\r\nご返信いただいてもお答えできませんので、ご了承ください。\r\n\r\n………………………………………………………………………………………………………\r\n連絡先\r\n\r\n………………………………………………………………………………………………………'),
(581,0,0,'【わたしば】レッスン予約完了','#STUDENT_NAME#様\r\n\r\nこの度は、「わたしば」のご受講ありがとうございます。\r\n下記レッスンのご予約を承りました。\r\nご予約の内容は、以下となります。今一度、ご確認ください。\r\n\r\n------------------------------------------------------------------------\r\nレッスン日：#LESSON_DATE#\r\nレッスン開始時間：#LESSON_TIME#\r\nレッスン名：#LESSON_NAME#\r\nコース名:　#COURSE_NAME#\r\nレッスンテキスト名：#LESSON_TEXT_NAME#\r\n講師ニックネーム:　#TEACHER_NICKNAME#\r\n-------------------------------------------------------------------------\r\n\r\nレッスン開始5分前になりましたら、学習者マイページにログインしてレッスンスタートボタンよりレッスンをスタートしてください。\r\nマイページログインリンク\r\n#ZOOM_URL#\r\n\r\nなお、レッスンはzoomで実施致しますので、zoomアプリをインストールしていない方は、ご利用端末に事前にインストールしてお待ちください。\r\nzoomの利用方法案内リンクなど\r\n\r\n登録情報は、マイページの「登録情報変更」の「基本情報」より確認・変更ができます。\r\n#TEACHER_PROFILE_URL#\r\n\r\n万が一、レッスン時間になっても講師より連絡がない場合は、\r\nカスタマーサービスセンターへご連絡ください。\r\n\r\nそれでは、レッスンで#STUDENT_NAME#様にお会い出来る事を楽しみにしております。\r\n\r\n※このメールは、送信専用メールアドレスから配信されています。\r\nご返信いただいてもお答えできませんので、ご了承ください。\r\n\r\n………………………………………………………………………………………………………\r\n連絡先\r\n\r\n………………………………………………………………………………………………………'),
(591,12,0,'【わたしば】退会が完了しました','#STUDENT_NAME#様\r\n\r\n「わたしば」をご利用いただき、ありがとうございました。\r\n「わたしば」の退会手続きが完了しました。\r\n退会時に残っていた受講回数は全て無効となりますので、ご了承くださいますようお願い申し上げます。\r\n\r\n退会手続きについて不明な点がございましたら、お手数ですが下記よりご連絡ください。\r\n\r\nお問い合わせページ：LPお問い合わせぺージURL\r\n\r\nまたのご利用を心よりお待ちしております。\r\n\r\n※このメールは、送信専用メールアドレスから配信されています。\r\nご返信いただいてもお答えできませんので、ご了承ください。\r\n\r\n………………………………………………………………………………………………………\r\n連絡先\r\n\r\n………………………………………………………………………………………………………'),
(601,1,30,'【わたしば】レッスン開始30分前のご連絡','#STUDENT_NAME#様\r\n\r\nこの度は、「わたしば」のご受講ありがとうございます。\r\n#STUDENT_NAME#様がご予約されましたレッスンまであと30分となりました。\r\nご予約の内容は、以下となります。今一度、ご確認ください。\r\n\r\n------------------------------------------------------------------------\r\nレッスン日：#LESSON_DATE#\r\nレッスン開始時間：#LESSON_TIME#\r\nレッスン名：#LESSON_NAME#\r\nレッスンテキスト名：#LESSON_TEXT_NAME#\r\n講師ニックネーム:　#TEACHER_NICKNAME#\r\n-------------------------------------------------------------------------\r\n\r\nレッスン開始5分前になりましたら、学習者マイページにログインしてレッスンスタートボタンよりレッスンをスタートしてください。\r\nマイページログインリンク\r\n\r\nなお、レッスンはzoomで実施致しますので、zoomアプリをインストールしていない方は、ご利用端末に事前にインストールしてお待ちください。\r\nzoomの利用方法案内リンクなど\r\n\r\n登録情報は、マイページの「登録情報変更」の「基本情報」より確認・変更ができます。\r\n\r\n万が一、レッスン時間になっても講師より連絡がない場合は、\r\nカスタマーサービスセンターへご連絡ください。\r\n\r\nそれでは、レッスンで#STUDENT_NAME#様にお会い出来る事を楽しみにしております。\r\n\r\n※このメールは、送信専用メールアドレスから配信されています。\r\nご返信いただいてもお答えできませんので、ご了承ください。\r\n\r\n………………………………………………………………………………………………………\r\n連絡先\r\n\r\n………………………………………………………………………………………………………'),
(611,14,0,'【わたしば】コース購入完了','#STUDENT_NAME#様\r\n\r\nこの度は、「わたしば」のご受講ありがとうございます。\r\n\r\nコース購入が完了しました。\r\nご購入の内容は、以下となります。今一度、ご確認ください。\r\n\r\n------------------------------------------------------------------------\r\nコース名：#COURSE_NAME#\r\n受講回数：#COURSE_COUNT#\r\n価格：#COURSE_PRICE#\r\n支払方法：#COURSE_PAYMENT#\r\n-------------------------------------------------------------------------\r\n\r\n学習者マイページへログインしてレッスンをご予約下さい。\r\nマイページログインリンク\r\n\r\nなお、レッスンはzoomで実施致しますので、zoomアプリをインストールしていない方は、ご利用端末に事前にインストールしてお待ちください。\r\nzoomの利用方法案内リンクなど\r\n\r\n※このメールは、送信専用メールアドレスから配信されています。\r\nご返信いただいてもお答えできませんので、ご了承ください。\r\n\r\n………………………………………………………………………………………………………\r\n連絡先\r\n\r\n………………………………………………………………………………………………………'),
(621,16,0,'【わたしば】レッスンキャンセル完了','下記レッスンがキャンセルされました。\r\n----------------------------------------------------------------------\r\nレッスン日：#LESSON_DATE#\r\nレッスン時間：#LESSON_TIME#\r\nレッスン名：#LESSON_NAME#\r\nレッスンテキスト名：#LESSON_TEXT_NAME#\r\n講師ニックネーム:　#TEACHER_NICKNAME#\r\n----------------------------------------------------------------------\r\n\r\n※このメールは、送信専用メールアドレスから配信されています。\r\nご返信いただいてもお答えできませんので、ご了承ください。\r\n\r\n………………………………………………………………………………………………………\r\n連絡先\r\n\r\n………………………………………………………………………………………………………'),
(641,17,30,'【わたしば】レッスン開始30分前のご連絡','レッスン開始30分前になりました。\r\n\r\nレッスン開始5分前には下記URLにアクセスし準備してください。\r\n\r\n講師： #TEACHER_NAME#\r\nニックネーム： #TEACHER_NICKNAME#\r\nコース名：\r\nレッスン名：#LESSON_NAME#\r\nレッスン日時：#LESSON_DATE##LESSON_TIME#\r\nレッスン日時（JST）：#LESSON_DATE##LESSON_TIME#\r\n学習者ニックネーム:　#STUDENT_NICKNAME#　※通常レッスンのみ／グループレッスンは非表示\r\nテキスト:　#LESSON_TEXT_NAME#\r\n\r\nZOOM URL\r\n\r\n講師マイページ\r\nマイページ URL\r\n\r\n※このメールは、送信専用メールアドレスから配信されています。\r\nご返信いただいてもお答えできませんので、ご了承ください。\r\n\r\n………………………………………………………………………………………………………\r\n連絡先\r\n\r\n………………………………………………………………………………………………………'),
(651,15,0,'【わたしば】レッスン予約完了','下記レッスンが予約されました。\r\n\r\nレッスン開始5分前には下記URLにアクセスし準備してください。\r\n\r\n講師： #TEACHER_NAME#\r\nニックネーム： #TEACHER_NICKNAME#\r\nコース名：#COURSE_NAME#\r\nレッスン名：#LESSON_NAME#\r\nレッスン日時：#LESSON_DATE# #LESSON_TIME#\r\nレッスン日時（JST）：#LESSON_DATE# #LESSON_TIME#\r\n学習者ニックネーム:　#STUDENT_NICKNAME#　※通常レッスンのみ／グループレッスンは非表示\r\nテキスト:　#LESSON_TEXT_NAME#\r\n\r\nZOOM URL\r\n#ZOOM_URL#\r\n\r\n講師マイページ\r\nマイページ URL\r\n#TEACHER_PROFILE_URL#\r\n\r\n※このメールは、送信専用メールアドレスから配信されています。\r\nご返信いただいてもお答えできませんので、ご了承ください。\r\n\r\n………………………………………………………………………………………………………\r\n連絡先\r\n\r\n………………………………………………………………………………………………………'),
(661,13,0,'【わたしば】お問い合わせありがとうございます','#USER_TITLE#様\r\n\r\nこの度は、わたしばへお問い合わせいただき誠にありがとうございます。\r\n以下、お問い合わせを承りました。\r\n\r\n------------------------------------------------------------------------\r\n\r\nお問い合わせID：#INQUIRY_ID#\r\n\r\n日時：#INQUIRY_DATE#\r\n\r\nお問い合わせ件名：#INQUIRY_TITLE#\r\n\r\nお名前：#USER_TITLE#\r\n\r\nメールアドレス：#USER_EMAIL#\r\n\r\n問い合わせ内容：#INQUIRY_BODY#\r\n\r\n-------------------------------------------------------------------------\r\n\r\nお問い合わせの返答は、上記メール宛にお送りいたします。\r\n\r\n※このメールは、送信専用メールアドレスから配信されています。\r\nご返信いただいてもお答えできませんので、ご了承ください。\r\n\r\n………………………………………………………………………………………………………\r\n連絡先\r\n\r\n………………………………………………………………………………………………………'),
(664,48,0,'【サービス名】実力テスト評価依頼','下記実力テストが提出されました。\r\n講師マイページにログインして、評価をお願いします。\r\n\r\n実力テストコース名：#COURSE_NAME#\r\n評価期限（JST）：#TEST_LIMIT_DATE##TEST_LIMIT_TIME#\r\n\r\n講師マイページ\r\n#MY_PAGE_URL#\r\n\r\n※このメールは、送信専用メールアドレスから配信されています。\r\nご返信いただいてもお答えできませんので、ご了承ください。\r\n\r\n………………………………………………………………………………………………………\r\n連絡先\r\n\r\n………………………………………………………………………………………………………'),
(665,49,60,'【サービス名】実力テスト評価依頼','下記実力テストの評価期限まで24時間となりました。\r\n講師マイページにログインして、評価をお願いします。\r\n\r\n実力テストコース名：#COURSE_NAME#\r\n評価期限（JST）：#TEST_LIMIT_DATE##TEST_LIMIT_TIME#\r\n\r\n講師マイページ\r\nマイページ URL\r\n\r\n※このメールは、送信専用メールアドレスから配信されています。\r\nご返信いただいてもお答えできませんので、ご了承ください。\r\n\r\n………………………………………………………………………………………………………\r\n連絡先\r\n\r\n………………………………………………………………………………………………………'),
(666,50,10080,'【サービス名】グループレッスン不成立のご連絡','\"#STUDENT_NAME#様\r\n\r\nこの度は、「サービス名」をご利用いただき、ありがとうございます。\r\nお申し込みいただいたコースは、最小開催人数に達しなかったため、開催中止となります。\r\n\r\n------------------------------------------------------------------------\r\nコース名：#COURSE_NAME#\r\n-------------------------------------------------------------------------\r\n\r\n開催中止になったコースの代金につきましては、決済は行われません。\r\nお申し込み内容はマイページよりご確認ください。\r\nマイページログインリンク\r\n\r\n#STUDENT_NAME#様のまたのご受講をお待ちしております。\r\n\r\n※このメールは、送信専用メールアドレスから配信されています。\r\nご返信いただいてもお答えできませんので、ご了承ください。\r\n\r\n………………………………………………………………………………………………………\r\n連絡先\r\n\r\n………………………………………………………………………………………………………\"');

/*Data for the table `send_remind_mail_pattern_info` */

insert  into `send_remind_mail_pattern_info`(`send_remind_mail_pattern_info_id`,`send_remind_mail_pattern_id`,`mail_subject`,`mail_body`,`lang_type`) values 
(283,501,'【WATASHIBA】Free Member Registration Completed','Dear #STUDENT_NAME#.\n\nThank you for registering your \"WATASHIBA\".\n\nOnce you register, you will be able to take a free trial lesson.\nPlease login to My Page to reserve your free trial lesson.\n My Page Login Link: n\nThe lesson will be conducted via zoom, so if you do not have the zoom app installed, please install it on your device in advance.\n Link for zoom usage instructions, etc. \n\nPlease do not reply to this email as this is a send-only address. \nWe are unable to respond to your inquiry even if you reply to this email.\n\n.....................................................................................................................\nContact information\n\n.....................................................................................................................','en'),
(285,511,'【WATASHIBA】Lesson Cancellation Completed','Dear #STUDENT_NAME#.\n\nThank you for using \"WATASHIBA\".\nWe have received your cancellation request for the following lesson.\n----------------------------------------------------------------------\nLesson date: #LESSON_DATE#\nLesson time: #LESSON_TIME#\nLesson name: #LESSON_NAME#\nLesson text name: #LESSON_TEXT_NAME#\nLecturer nickname: #TEACHER_NICKNAME#\n----------------------------------------------------------------------\n\nWe look forward to hearing from #STUDENT_NAME# again soon.\n\nPlease do not reply to this email as this is a send-only address. \nWe are unable to respond to your inquiry even if you reply to this email.\n.....................................................................................................................\nContact information\n\n.....................................................................................................................','en'),
(287,521,'【WATASHIBA】Password Change','Dear #STUDENT_NAME#.\n\nThank you for using \"WATASHIBA\".\nYour login password has been changed.\nFor the security, the password will not be included in this e-mail.\n\nLogin ID (e-mail address): #STUDENT_MAIL#\n\n My Page Login Link: n\nIf you have received this e-mail in error, please delete it.\n\nPlease do not reply to this email as this is a send-only address. \nWe are unable to respond to your inquiry even if you reply to this email.\n\n.....................................................................................................................\nContact Information\n\n.....................................................................................................................','en'),
(289,531,'【WATASHIBA】Password Reissue','Password reissue has been accepted.\nPlease access the following URL and set a new password.\n\n#CHANGEPASS_URL#\n\nIf you have received this e-mail in error, please delete it.\n\nPlease do not reply to this email as this is a send-only address. \nWe are unable to respond to your inquiry even if you reply to this email.\n\n\n.....................................................................................................................\nContact information\n\n.....................................................................................................................','en'),
(291,541,'【WATASHIBA】 Reset password',NULL,'en'),
(293,551,'【WATASHIBA】　Change password',NULL,'en'),
(297,571,'【WAHASHIBA】Notification of the Change of Lecturer','Dear #STUDENT_NAME#.\n\nThank you for taking \"WATASHIBA\"\nWe regret to inform you that the following lesson will not be taught by the lecturer originally scheduled, but by a another lecturer.\n\n------------------------------------------------------------------------\nLesson date: #LESSON_DATE#\nLesson start time: #LESSON_TIME#\nLesson name: #LESSON_NAME#\nLesson text name: #LESSON_TEXT_NAME#\nSubstitute teacher nickname: #TEACHER_NICKNAME#\n-------------------------------------------------------------------------\n\nPlease check the details of the lesson after the change from My Page.\n My Page Login Link: \n\nPlease do not reply to this email as this is a send-only address. \nWe are unable to respond to your inquiry even if you reply to this email.\n.....................................................................................................................\nContact information\n\n.....................................................................................................................','en'),
(299,581,'【WATASHIBA】Lesson Reservation Completed','Dear #STUDENT_NAME#.\n\nThank you for taking the WATASHIBA.\nWe have received your reservation for the following lesson.\nThe details of your reservation are as follows. Please check it once again.\n\n------------------------------------------------------------------------\nLesson date: #LESSON_DATE#\nLesson start time: #LESSON_TIME#\nLesson name: #LESSON_NAME#\r\nCourse name: #COURSE_NAME#\nLesson text name: #LESSON_TEXT_NAME#\nLecturer nickname: #TEACHER_NICKNAME#\n-------------------------------------------------------------------------\n\nWhen it is 5 minutes before the lesson starts, please login to the My Page and click the Start Lesson button to start the lesson.\n My page login link: \r\n#ZOOM_URL#\n\nThe lesson will be conducted via zoom, so if you do not have the zoom app installed, please install it on your device in advance.\n zoom usage guide link, etc. \n\nYou can check and change your registration information from \"\"Basic Information\"\" in \"\"Change Registration Information\"\" on My Page.\n#TEACHER_PROFILE_URL#\r\n\nIf you do not hear from your tutor when the lesson time comes, please contact the Customer Service Center.\n\nWe look forward to seeing #STUDENT_NAME# at the lesson.\n\nPlease do not reply to this email as this is a send-only address. \nWe are unable to respond to your inquiry even if you reply to this email.\n\n.....................................................................................................................\nContact information\n\n.....................................................................................................................','en'),
(301,591,'【WATASHIBA】Withdrawal Completed.','Dear #STUDENT_NAME#.\n\nThank you for using our WATASHIBA.\nThe withdrawal process has been completed.\nPlease note that the remaining number of lessons will no longer be valid.\n\nIf you have any questions about the withdrawal process, please contact us from the following link.\n\nContact page: LP Contact Page URL\n\nWe are looking forward to seeing you again.\n\nPlease do not reply to this email as this is a send-only address. \nWe are unable to respond to your inquiry even if you reply to this email.\n\n.....................................................................................................................\nContact information\n\n.....................................................................................................................','en'),
(303,601,'【WATASHIBA】30 Minutes Before The Lesson Starts','Dear #STUDENT_NAME#.\n\nThank you for taking the \"WATASHIBA\".\nThe lesson reserved by #STUDENT_NAME# is now only 30 minutes away.\nThe details of your reservation are as follows. Please check it once again.\n\n------------------------------------------------------------------------\nLesson date: #LESSON_DATE#\nLesson start time: #LESSON_TIME#\nLesson name: #LESSON_NAME#\nLesson text name: #LESSON_TEXT_NAME#\nLecturer nickname: #TEACHER_NICKNAME#\n-------------------------------------------------------------------------\n\nWhen it is 5 minutes before the lesson starts, please log in to My Page and click the Start Lesson button to start the lesson.\n My page login link: \n\nThe lesson will be conducted via zoom, so if you do not have the zoom app installed, please install it on your device in advance.\n zoom usage guide link, etc. \n\nYou can check and change your registration information from \"\"Basic Information\"\" in \"\"Change Registration Information\"\" on My Page.\n\nIf you do not receive a call from your tutor at the time of your lesson, please contact the Customer Service Center.\n\nWe look forward to seeing #STUDENT_NAME# at your lesson.\n\nPlease do not reply to this email as this is a send-only address.\nWe are unable to respond to your inquiry even if you reply to this email. \n .....................................................................................................................\nContact Information\n\n .....................................................................................................................','en'),
(305,611,'【WATASHIBA】Course Purchase Completed','Dear #STUDENT_NAME#.\n\nThank you for taking the \"WATASHIBA\" course.\n\nYour course purchase has been completed.\nPlease find the purchase details below. Please check it once again.\n\n------------------------------------------------------------------------\nCourse Name: #COURSE_NAME#\nNumber of lessons: #COURSE_COUNT#\nPrice: #COURSE_PRICE#\nPayment method: #COURSE_PAYMENT#\n-------------------------------------------------------------------------\n\nPlease login to My Page to reserve a lesson.\n My page login link: \n\nThe lesson will be conducted via zoom, so if you do not have the zoom app installed, please install it on your device in advance.\n  Link for zoom usage instructions, etc. \n\nPlease do not reply to this email as this is a send-only address. \nWe are unable to respond to your inquiry even if you reply to this email.\n\n.....................................................................................................................\nContact information\n\n.....................................................................................................................','en'),
(307,621,'レッスンキャンセル通知',NULL,'en'),
(311,641,'レッスン30分前通知',NULL,'en'),
(313,651,'レッスン予約通知',NULL,'en'),
(315,661,'【WATASHIBA】Thank You for Your Inquiry.','Dear #USER_TITLE#.\nThank you for your inquiry about our WATASHIBA.\nWe have received your inquiry, and the details are as below.\n------------------------------------------------------------------------\n\nInquiry ID: #INQUIRY_ID#\n\nDate and time: #INQUIRY_DATE#\n\nSubject of inquiry: #INQUIRY_TITLE#\n\nYour name: #USER_TITLE#\n\nE-mail address：#USER_EMAIL#\n\nInquiry contents: #INQUIRY_BODY#\n\n-------------------------------------------------------------------------\n\nA reply to your inquiry will be sent to the email address above.\n\nPlease do not reply to this email as this is a send-only address. \nWe are unable to respond to your inquiry even if you reply to this email. \n\n.....................................................................................................................\nContact us\n\n .....................................................................................................................','en'),
(317,501,'【Học tiếng nhật trực tuyến ALC】　　Đăng ký tạm đã hoàn thành','#STUDENT_NAME# thân mến\r\rChúng tôi xin chân thành cảm ơn bạn đã đăng ký tài khoản sử dụng hệ thống học tiếng nhật trực tuyến của chúng tôi.\r\rViệc đăng ký tài khoản tạm đã hoàn thành.\r\rXin vui lòng kích hoạt tài khoản của bạn thông qua đường dẫn dưới đây.\r#CONFIRM_URL#\r\rTrường hợp bạn không truy cập vào được đường dẫn trên, xin vui lòng copy và dán đường dẫn dưới đây lên trình duyệt và nhấn phím enter.\r<#CONFIRM_URL#>\r\rSau khi đã kích hoạt tài khoản xong, xin hãy truy cập vào đường dẫn dưới đây để xem cách sử dụng hệ thống.\rhttp://goo.gl/G0qgvV\r\rNếu có bất kỳ sự khó hiểu hoặc câu hỏi gì xin hãy vui lòng liên hệ với chúng tôi thông qua mẫu liên hệ.\r\rChúng tôi rất mong có được những bài học giữa #STUDENT_NAME# và giáo viên của chúng tôi.\r\r………………………………………………………………………………………………………\rCông ty cổ phần ALC\rBan thư ký trang học tiếng nhật trực tuyến ALC\rMẫu liên lạc ：https://nihongo-vn.alc.co.jp/user/contact\r………………………………………………………………………………………………………\r\r\r\r\r','vn'),
(319,511,'【Học tiếng nhật trực tuyến ALC】 Huỷ bỏ đăng ký bài học đã hoàn thành','#STUDENT_NAME# thân mến\r\rĐầu tiên chúng tôi xin chân thành cảm ơn bạn đã sử dụng hệ thống học tiếng nhật trực tuyến của chúng tôi.\r\r\rThông tin về bài học huỷ bỏ như sau:\r----------------------------------------------------------------------\rNgày học： #LESSON_DATE#\rGiờ học： #LESSON_TIME#\rTên bài học： #LESSON_NAME#\rTên tài liệu：#LESSON_TEXT_NAME#\rGiáo viên:　#TEACHER_NICKNAME#\r----------------------------------------------------------------------\r\rMong hẹn gặp lại #STUDENT_NAME# trong những bài học tới cùng với hệ thống giáo viên của chúng tôi.\r\rXin chân thành cảm ơn.\r………………………………………………………………………………………………………\rCông ty cổ phần ALC\rBan thư ký trang học tiếng nhật trực tuyến ALC\rMẫu liên lạc ：https://nihongo-vn.alc.co.jp/user/contact\r………………………………………………………………………………………………………\r','vn'),
(321,521,'【Học tiếng nhật trực tuyến ALC】　Thông báo đã thay đổi mật khẩu','#STUDENT_NAME# thân mến\r\rĐầu tiên chúng tôi xin chân thành cảm ơn bạn đã sử dụng hệ thống học tiếng nhật trực tuyến của chúng tôi.\r\rViệc thay đổi mật khẩu của bạn đã được hoàn thành.\r\r\rXin cảm ơn.\r………………………………………………………………………………………………………\rCông ty cổ phần ALC\rBan thư ký trang học tiếng nhật trực tuyến ALC\rMẫu liên lạc ：https://nihongo-vn.alc.co.jp/user/contact\r………………………………………………………………………………………………………\r','vn'),
(323,531,'【Học tiếng nhật trực tuyến ALC】　Thay đổi mật khẩu','#STUDENT_NAME# thân mến\r\rĐầu tiên chúng tôi xin chân thành cảm ơn bạn đã sử dụng hệ thống học tiếng nhật trực tuyến của chúng tôi.\r\rĐể thay đổi mật khẩu, xin hãy truy cập vào đường dẫn dưới đây:\r\r#CHANGEPASS_URL#\r\rXin chân thành cảm ơn.\r………………………………………………………………………………………………………\rCông ty cổ phần ALC\rBan thư ký trang học tiếng nhật trực tuyến ALC\rMẫu liên lạc ：https://nihongo-vn.alc.co.jp/user/contact\r………………………………………………………………………………………………………','vn'),
(325,541,'【Học tiếng nhật trực tuyến ALC】 Thay đổi mật khẩu','Xin chào #TEACHER_NAME#\r\rĐể thay đổi mật khẩu, xin hãy truy cập vào đường dẫn dưới đây:\r\r#CHANGEPASS_URL#\r\rXin chân thành cảm ơn.\r\r','vn'),
(327,551,'【アルクオンライン日本語スクール】　パスワードを変更します。','##ADMIN_NAME# 様。\r\rこの度は、「アルクオンライン日本語スクール」のご受講ありがとうございます。\rアルクオンライン日本語スクール事務局です。\r\rパスワードの変更を下記のURLより行ってください。\r\r#CHANGEPASS_URL#\r\r変更されましたパスワードは、お忘れないようお控ください。\r\rよろしくお願いいたします。\r\r………………………………………………………………………………………………………\r株式会社アルク\rアルク オンライン日本語スクール事務局\rお問い合わせフォーム：https://nihongo-vn.alc.co.jp/user/contact\r………………………………………………………………………………………………………','vn'),
(331,571,'Thông báo về thay đổi giáo viên','#STUDENT_NAME# thân mến\r\rChúng tôi rất xin lỗi vì bài học mà bạn đã đăng ký dưới đây đã thay đổi giáo viên giảng dạy:\r\r#LESSON_DATE#  #LESSON_TIME#\r#LESSON_NAME#\r#TEACHER_NICKNAME#　⇒　#NEW_TEACHER_NICKNAME#\r\rXin hãy vui lòng kiểm tra lại thông tin bài học.\r\rChân thành cảm ơn.\r','vn'),
(333,581,'【Học tiếng nhật trực tuyến ALC】 Đăng ký bài học đã hoàn thành','#STUDENT_NAME# thân mến\r\rĐầu tiên chúng tôi xin chân thành cảm ơn bạn đã sử dụng hệ thống học tiếng nhật trực tuyến của chúng tôi.\r\r\rNội dung thông tin của bài học mà #STUDENT_NAME# đã đăng ký như sau:\r--------------------------------------------------------------\rNgày học ：#LESSON_DATE#\rGiờ học ：#LESSON_TIME#\rTên bài học：#LESSON_NAME#\rTên tài liệu：#LESSON_TEXT_NAME#\rGiáo viên:　#TEACHER_NICKNAME#\r--------------------------------------------------------------\rChúng tôi xin lưu ý rằng việc huỷ bỏ đăng ký bài phải thực hiện trước 24 tiếng đồng hồ khi bài học bắt đầu. \r\rXin chúc cho #STUDENT_NAME#  sẽ có 1 bài học thật vui vẻ và hiệu quả với hệ thống giáo viên của chúng tôi.\r\rXin chân thành cảm ơn.\r………………………………………………………………………………………………………\rCông ty cổ phần ALC\rBan thư ký trang học tiếng nhật trực tuyến ALC\rMẫu liên lạc ：https://nihongo-vn.alc.co.jp/user/contact\r………………………………………………………………………………………………………\r\r\r','vn'),
(335,591,'Hủy tài khoản sử dụng hệ thống Học tiếng anh trực tuyến ALC','#STUDENT_NAME# Thân mến\r\rXin chân thành cảm ơn đã sử dụng hệ thống của chúng tôi.\r\rĐể hủy tài khoản sử dụng hệ thống, hãy tiến hành theo đường dẫn dưới đây: \r#CONFIRM_URL#\r\rXin chân thành cảm ơn.','vn'),
(337,601,'【Học tiếng nhật trực tuyến ALC】 Thông báo còn 30 phút nữa giờ học bắt đầu','#STUDENT_NAME# thân mến\r \rĐầu tiên chúng tôi xin chân thành cảm ơn bạn đã sử dụng hệ thống học tiếng nhật trực tuyến của chúng tôi.\r\rBài học mà #STUDENT_NAME# đã đang ký chì còn 30 phút nữa là sẽ được bắt đầu, dưới đây là thông tin về bài học săp bắt đầu, xin bạn hãy kiểm tra lại 1 lần nữa:\r\r------------------------------------------------------------------------\rNgày học：#LESSON_DATE#\rThời gian bắt đầu ：#LESSON_TIME#\rTên bài học：#LESSON_NAME#\rTên tài liệu：#LESSON_TEXT_NAME#\rGiáo viên:　#TEACHER_NICKNAME#\r-------------------------------------------------------------------------\r\rTrước khi bắt đầu học 5 phút, xin bạn hãy vui lòng đăng nhập sẵn vào skype và đợi cuộc gọi từ giáo viên của chúng tôi.\rNào và bay giờ xin chúc #STUDENT_NAME# sẽ có 1 bài học thật vui vẻ và hiệu quả với giáo viên của chúng tôi.\r\rXin chân thành cảm ơn.\r………………………………………………………………………………………………………\rCông ty cổ phần ALC\rBan thư ký trang học tiếng nhật trực tuyến ALC\rMẫu liên lạc ：https://nihongo-vn.alc.co.jp/user/contact\r………………………………………………………………………………………………………','vn'),
(339,611,'【Học tiếng nhật trực tuyến ALC】　Mua khóa học đã hoàn thành','#STUDENT_NAME# thân mến\r\rĐầu tiên chúng tôi xin chân thành cảm ơn bạn đã sử dụng hệ thống học tiếng nhật trực tuyến và mua khóa học của chúng tôi.\r\rThông tin về khóa học mà #STUDENT_NAME#  đã mua như sau:\r\r--------------------------------------------------------------\r\rMã số đặt hàng：#ORDER_ID#\r\rMã số khoá học ：#COURSE_ID#\r\rTên khoá học ：#COURSE_NAME#\r\rLệ phí khóa học ：#COURSE_PRICE#　円\r\r(Thuế)：#COURSE_TAX#　円\r\rTổng tiền thanh toán：#COURSE_TOTAL#　円\r\rNgày giờ thanh toán：#ORDER_DATE#\r\rThời hạn sử dụng khoá học：#EXPIRE_DATE#\r\r\rXin chân thành cảm ơn.\r………………………………………………………………………………………………………\rCông ty cổ phần ALC\rBan thư ký trang học tiếng nhật trực tuyến ALC\rMẫu liên lạc ：https://nihongo-vn.alc.co.jp/user/contact\r………………………………………………………………………………………………………','vn'),
(341,621,'レッスンキャンセル通知',' #TEACHER_NAME# 先生\r\r以下のレッスンがキャンセルされました。\r\r----------------------------------------------------------------------\r\rレッスン日：#LESSON_DATE#\r\rレッスン時間：#LESSON_TIME#\r\rレッスン名：#LESSON_NAME#\r\rテキスト名 ：#LESSON_TEXT_NAME#\r\r----------------------------------------------------------------------\r\rこのメールは自動送信メールです。\r（このメールに返信しないでください）\r\r\rTeacher\'s Page URL\rhttps://nihongo-system.alc.co.jp/tutor.swf\r','vn'),
(345,641,'レッスン30分前通知',' #TEACHER_NAME# 先生\r\r下記レッスンまで30分となりました。\r生徒名:　#STUDENT_NICKNAME#\rレッスン日:　#LESSON_DATE#\rレッスン時間:　#LESSON_TIME#\rレッスン名:　#LESSON_NAME#\rテキスト名:　#LESSON_TEXT_NAME#\r\rこのメールは自動送信メールです。\r（このメールに返信しないでください）\r\r\rTeacher\'s Page URL\rhttps://nihongo-system.alc.co.jp/tutor.swf\r','vn'),
(347,651,'レッスン予約通知',' #TEACHER_NAME# 先生\r\rあなたのレッスンが予約されました。\r\r生徒名:　#STUDENT_NICKNAME#\r\rレッスン日:　#LESSON_DATE#\rレッスン時間:　#LESSON_TIME#\rレッスン名:　#LESSON_NAME#\rテキスト名:　#LESSON_TEXT_NAME#\r\rこのメールは自動送信メール。\r（このメールに返信しないでください）\r\r\rTeacher\'s Page URL\rhttps://nihongo-system.alc.co.jp/tutor.swf\r\r\r','vn'),
(349,661,'【アルクオンライン日本語スクール】　新しいお問い合わせが来ました','#ADMIN_NAME#様\r\r\r\r新しいお問い合わせがありました。\r\rお問い合わせの内容は、以下となります。\r\r\r\r------------------------------------------------------------------------\r\rお問い合わせID：#INQUIRY_ID#\r\r日時：#INQUIRY_DATE#\r\rお問い合わせ件名：#INQUIRY_TITLE#\r\rお名前：#USER_TITLE#\r\rメールアドレス：#USER_EMAIL#\r\r問い合わせ内容：#INQUIRY_BODY#\r\r-------------------------------------------------------------------------\r\r\r\rアルクオンライン日本語スクール事務局\r\r……………………………………………………………………\r\r株式会社アルク　\r\rアルクオンライン日本語スクール事務局\r\rjpn_info@alc.co.jp\r\r……………………………………………………………………','vn'),
(350,315,'【WATASHIBA】Comments from the lecturers has been received','Dear #STUDENT_NAME#.\n\nThank you for taking the lesson, WATASHIBA.\nWe have received comments from the lecturer for the lesson taken by #STUDENT_NAME#.\nThe lesson details are as follows.\n\n------------------------------------------------------------------------\nLesson date: #LESSON_DATE#\nLesson start time: #LESSON_TIME#\nLesson name: #LESSON_NAME#\nLesson text name: #LESSON_TEXT_NAME#\nLecturer nickname: #TEACHER_NICKNAME#\n-------------------------------------------------------------------------\n\nPlease login to My Page to see the comments.\n My page login link: \n\nPlease do not reply to this email as this is a send-only address. \nWe are unable to respond to your inquiry even if you reply to this email.\n\n.....................................................................................................................\nContact information\n\n.....................................................................................................................','en'),
(351,211,'【WATASHIBA】Comments from the lecturers has been received','Dear #STUDENT_NAME#.\n\nThank you for taking the lesson, WATASHIBA.\nWe have received comments from the lecturer for the lesson taken by #STUDENT_NAME#.\nThe lesson details are as follows.\n\n------------------------------------------------------------------------\nLesson date: #LESSON_DATE#\nLesson start time: #LESSON_TIME#\nLesson name: #LESSON_NAME#\nLesson text name: #LESSON_TEXT_NAME#\nLecturer nickname: #TEACHER_NICKNAME#\n-------------------------------------------------------------------------\n\nPlease login to My Page to see the comments.\n My page login link: \n\nPlease do not reply to this email as this is a send-only address. \nWe are unable to respond to your inquiry even if you reply to this email.\n\n.....................................................................................................................\nContact information\n\n.....................................................................................................................','en'),
(353,100,'【WATASHIBA】Course Purchase Completed','Dear #STUDENT_NAME#.\n\nThank you for taking the \"WATASHIBA\" course.\n\nYour course application has been completed.\nPlease find below the details of your application.\n\n------------------------------------------------------------------------\nCourse name: #COURSE_NAME#\nNumber of lessons: #COURSE_COUNT#\n-------------------------------------------------------------------------\n\nPlease login to My Page to check your course details.\n My Page Login Link: \n\nIf you do not have the zoom app installed, please install it on your device in advance. \n Link for zoom usage instructions, etc. \n\nPlease do not reply to this email as this is a send-only address. \nWe are unable to respond to your inquiry even if you reply to this email.\n.....................................................................................................................\nContact information\n\n.....................................................................................................................','en'),
(356,171,'【WATASHIBA】Free Registration Completed','Dear #STUDENT_NAME#.\n\nThank you for registering your \"WATASHIBA\".\nWe will send you a Password.\n\n------------------------------------------------------------------------\nPassword: #STUDENT_PASSWORD#\n-------------------------------------------------------------------------\n\nPlease login to My Page to check your registration details.\n My Page Login Link: \n\nThe lesson will be conducted via zoom, so if you do not have the zoom app installed, please install it on your device in advance.\n Link for zoom usage instructions, etc. \n\nPlease do not reply to this email as this is a send-only address. \nWe are unable to respond to your inquiry even if you reply to this email.\n\n.....................................................................................................................\nContact information\n.....................................................................................................................','en'),
(358,131,'【WATASHIBA】Free Member Registration Completed','Dear #STUDENT_NAME#.\n\nThank you for registering \"WATASHIBA\".\n\nOnce you register, you will be able to take a free trial lesson.\nPlease login to My Page to reserve your free trial lesson.\n My Page Login Link: \n\n\nThe lesson will be conducted via zoom, so if you do not have the zoom app installed, please install it on your device in advance.\n Link for zoom usage instructions, etc. \n\nPlease do not reply to this email as this is a send-only address. \nWe are unable to respond to your inquiry even if you reply to this email.\n\n.....................................................................................................................\nContact information\n\n.....................................................................................................................','en'),
(363,664,'【服務名稱】實力測試評估請求','提交了下述能力測試。\n\n請登錄講師我的頁麵要求進行評估。\n\n能力測試課程：#COURSE_NAME#\n評估期限（JST）：#TEST_LIMIT_DATE##TEST_LIMIT_TIME#\n\n講師主頁\n#MY_PAGE_URL#\n\n※此郵件是從一個隻發送的電子郵件地址發出的。\n   所以，無法回複您的電子郵件。\n……………………………………………………………………………………………\n連絡先\n\n……………………………………………………………………………………………','zh'),
(364,665,'【服務名稱】實力測試評估請求','現在還剩下24小時來評估以下能力測試。\r\n請登錄講師我的頁麵要求進行評估。\r\n\r\n能力測試課程名稱：#COURSE_NAME#\r\n評價期限（JST）：#TEST_LIMIT_DATE##TEST_LIMIT_TIME#\r\n\r\n講師主頁\r\nマイページ URL\r\n※此郵件是從一個隻發送的電子郵件地址發出的。\r\n   所以，無法回複您的電子郵件。\r\n…………………………………………………………………………………\r\n連絡先\r\n\r\n…………………………………………………………………………………','zh'),
(365,666,'【サービス名】Notification of Voided Group Lesson','Dear #STUDENT_NAME#.\r\nThank you for using \"\"Service Name\"\".\r\nWe are very sorry to inform you that the course you signed up for will not be held as it did not reach the minimum number of participants.\r\n\r\n------------------------------------------------------------------------\r\nCourse Name: #COURSE_NAME#\r\n-------------------------------------------------------------------------\r\n\r\nNo lesson fee will be charged for the aforementioned course.\r\nPlease check the details of your application details on My Page.\r\n My Page login link: \r\n\r\nWe look forward to seeing #STUDENT_NAME# in near future.\r\n\r\nPlease do not reply to this email as this is a send-only address. \r\nWe are unable to respond to your inquiry even if you reply to this email.\r\n\r\n.....................................................................................................................\r\nContact information\r\n\r\n.....................................................................................................................','en'),
(366,666,'【服務名稱】小组課程取消通知','#STUDENT_NAME#學員\r\n\r\n感謝您使用“服務名稱”。\r\n您申請的課程因未達到開課標準的人數而中止舉辦。 \r\n------------------------------------------------------------------------\r\n學科課程名稱：#COURSE_NAME#\r\n-------------------------------------------------------------------------\r\n\r\n取消課程的費用將不予支付。\r\n請從個人頁麵查看申請詳情。\r\n\r\nマイページログインリンク\r\n\r\n#STUDENT_NAME# 歡迎您再次參加。\r\n\r\n※此郵件是從一個隻發送的電子郵件地址發出的。\r\n   所以，無法回複您的電子郵件。\r\n………………………………………………………………………………………………………\r\n連絡先','zh');

/*Data for the table `send_remind_mail_timing` */

insert  into `send_remind_mail_timing`(`send_remind_mail_timing_type`,`send_remind_mail_timing_type_name`) values 
(0,'【固定】レッスン予約後（生徒用）'),
(1,'【任意】レッスン開始前（生徒用）'),
(2,'【固定】レッスンキャンセル後（生徒用）'),
(3,'【固定】一般会員　無料登録後'),
(6,'【固定】生徒用パスワード変更後'),
(7,'【固定】生徒用パスワード忘れた場合'),
(8,'【固定】先生用パスワードを忘れた場合'),
(9,'【固定】管理者用パスワードを忘れた場合'),
(11,'【固定】管理者がレッスンを代講に設定した場合'),
(12,'【固定】退会生徒に返信'),
(13,'【固定】ユーザー問い合わせ時'),
(14,'【固定】一般会員　コース購入完了'),
(15,'【固定】レッスン予約後（講師用）'),
(16,'【固定】レッスンキャンセル後（講師用）'),
(17,'【任意】レッスン開始前（講師用）'),
(22,'【固定】法人会員　コース購入完了(法人請求)'),
(27,'【固定】一括登録　一般会員　新規登録'),
(32,'【固定】一括登録　法人会員　新規登録　ユーザー登録のみ　（法人請求）'),
(33,'【固定】講師コメント登録時メール(テストなし)'),
(40,'【固定】一括登録　一般会員　新規登録 (セットコース)'),
(45,'【固定】講師コメント登録時メール（テスト有）'),
(48,'実力テスト評価依頼'),
(49,'実力テスト評価リマインド'),
(50,'グループレッスン人数未到達');
